prefecture,smd,A2101,A210102,A2201,B1101,B1103,C120110,D2201,D320101,D320108,D320113,D320115,D320122,D320406,year
三重県,三重県第１区,439231,226646,11243,133477,49293,639562634,1.38,62548971,33969976,24682238,11133849,269618,24029143,2017
三重県,三重県第２区,1021366,514295,29117,148638,86171,1537444272,5.18,188040121,25981216,59035643,22961026,645311,60326489,2017
三重県,三重県第３区,890678,447609,22276,92954,65381,1392056327,7.78,172165798,16795146,49565687,18871683,584972,57218445,2017
三重県,三重県第４区,370881,195082,2607,264303,56402,414616063,5.79,43231792,63253396,19481275,10730812,158401,24294657,2017
京都府,京都府第１区,30692.93940084474,16254.49085518963,1056.6676081687156,988.8764532563102,364.1098001364356,46157500.2268197,0.26050724995282815,5634559.492632296,1120870.4230584416,2867583.5436850274,819431.0054504084,15540.970728658851,1474972.1077870415,2017
京都府,京都府第２区,29303.943366910025,15435.360371278864,880.8106753559662,2965.707214392499,502.22203071251283,44068662.011812225,0.18042883579836566,5379569.878049469,1070145.904567389,2737812.25924932,782348.0007310094,14837.670649650825,1408222.8668256449,2017
京都府,京都府第３区,202612.29113314077,104702.34584669869,2810.752314324281,4492.3691249256135,3145.8960941695573,303788941.27816087,2.524562375720278,32727681.067738354,7638060.641339507,12758677.248833232,4901647.160506012,119072.89225523215,7837908.327046455,2017
京都府,京都府第４区,180296.99338505304,93241.47847874364,2205.889908123721,119106.55559022889,21036.9013164579,223974692.71904874,1.404501538528528,23721006.955324065,23851677.333244413,12596011.84449447,6261246.674495573,98138.65992477052,12787059.10050646,2017
京都府,京都府第５区,300368,153664,2759,208626,48074,326415711,2.86,38068031,47353030,19617000,13192330,137524,20362888,2017
京都府,京都府第６区,555790,285980,6281,52095,25307,748820102,6.91,74304901,32263716,32559611,14336134,415554,24365042,2017
佐賀県,佐賀県第１区,406259,213169,2590,75955,45793,493213103,4.38,53367291,34014166,24382782,12777453,228073,19086937,2017
佐賀県,佐賀県第２区,431655,227309,1953,168115,87609,424270458,5.78,44944807,69685987,32861551,18691373,158203,34351654,2017
兵庫県,兵庫県第10区,425036,216544,4237,21691,17881,566182967,3.4000000000000004,65894576,8641335,18879112,8979325,333337,10264729,2017
兵庫県,兵庫県第11区,1062578,547020,20416,106894,45524,1437921860,1.7200000000000002,191973942,30258088,65342622,23495666,724582,67679274,2017
兵庫県,兵庫県第12区,1372167,706992,22573,296661,85750,1802124313,7.05,235236484,74157310,81557649,32627028,896827,92496230,2017
兵庫県,兵庫県第１区,49347.533837065894,26225.718573503844,2008.920795423192,979.910124625608,671.027383726535,75843968.67730853,0.23949300082108627,8920401.694543933,1893356.2162664188,4425249.779468038,1162191.484167878,30541.16951515105,2648226.6164109423,2017
兵庫県,兵庫県第２区,524418.54207518755,275198.7229156209,7264.828718739715,13709.690030948637,7868.624316121547,958650645.344682,1.120380957446455,92592446.7007409,8236498.4709277535,34152410.98312826,10539836.043407012,326266.3769200763,20969733.067917194,2017
兵庫県,兵庫県第３区,50113.30284321906,26510.089568879834,757.7810292499527,725.4951635690328,590.6275525977243,77020906.12485145,0.2014196548778177,9058827.399112519,1922737.0869054948,4493920.265348681,1180226.2297486681,31015.103655478968,2689321.4737712536,2017
兵庫県,兵庫県第４区,314209.09200753935,161778.645887089,4132.293155065637,91809.45170250747,41520.12111720924,390940590.9733108,3.678706386854641,45534332.373595774,30370229.13470284,17340911.109206956,9749038.981265917,165640.38612922523,16475605.623770975,2017
兵庫県,兵庫県第５区,587408,305250,4642,335819,71257,763094103,4.58,73796097,84616411,29184638,17697322,326273,33032723,2017
兵庫県,兵庫県第６区,588992,308285,7161,18024,10095,916003967,2.4400000000000004,84785497,16439539,32002716,12489225,424804,16713804,2017
兵庫県,兵庫県第７区,573860,303334,7780,11843,7379,1154590614,1.83,106492890,8614954,33724770,11512944,338733,30646524,2017
兵庫県,兵庫県第８区,453032,232107,10908,5072,5072,603586027,0.8200000000000001,77459503,13308657,47386233,11669253,322442,25691465,2017
兵庫県,兵庫県第９区,435385,225387,3689,64516,33586,551256219,1.98,56861164,40240091,28868047,13972794,253790,22507068,2017
北海道,北海道第10区,357670,189573,870,923749,282754,355428714,6.260000000000001,34964151,120114050,31489963,19407608,82536,36154664,2017
北海道,北海道第11区,345324,179886,1242,1082804,390890,426577162,4.97,43532196,76636106,24482994,17483659,157494,37120039,2017
北海道,北海道第12区,358403,185448,2183,1531667,412598,456817115,5.86,43557858,117720035,29025339,19688095,89430,51290440,2017
北海道,北海道第１区,165344.66098063803,88146.4690652637,1158.4513030683638,8821.358307817996,3612.6840712848652,217032420.530502,0.5047579779220281,24475239.23623237,7804217.868888683,16868629.55162584,3643471.290513223,79193.14828428414,8072822.069095224,2017
北海道,北海道第２区,116286.3107840569,61093.81111074295,908.14005202126,2611.3058273337347,2600.119592983343,152638127.8617848,0.3057621207775439,17213348.525792103,5488678.613180931,11863647.044346914,2562440.373390849,55696.258946229646,5677586.989888532,2017
北海道,北海道第３区,54145.33862588907,28620.538375516044,242.7381655257678,1250.9438824799977,865.8422018329624,71071505.01700488,0.20211178979434824,8014895.119901284,2555643.5672916844,5523962.212087484,1193125.8356243188,25933.343146803698,2643603.25882489,2017
北海道,北海道第４区,273131.6255887856,146195.11467146565,2488.7567726523907,432648.99726432783,82800.38661922902,290527909.4932975,6.050507176220983,35888747.89705427,55017421.51418359,25240615.769465722,12217760.86207474,81696.61909037089,22928027.76000836,2017
北海道,北海道第５区,430235.81436724897,220896.1696789779,1648.0418489498934,242052.40349300395,98848.07681678349,492562471.73488545,3.557961655029878,53087014.762324475,37878720.83962412,31369150.150724083,10637729.165572952,251325.06011550082,24685871.220787928,2017
北海道,北海道第６区,508401,269957,1583,1061869,283377,552151976,4.86,56602141,101461809,50629536,19244258,192936,46354309,2017
北海道,北海道第７区,316308,165252,1444,943581,316174,366413587,3.5100000000000002,37648697,74207150,32000714,13417308,106313,34305542,2017
北海道,北海道第８区,447938,240533,1610,656778,121314,472292839,4.24,49734488,89756752,42080182,14365387,161805,32186236,2017
北海道,北海道第９区,472629,244352,1804,850815,189424,536560482,5.74,65584326,76250820,40130080,15775190,198366,36673522,2017
千葉県,千葉県第10区,459533,231640,9213,106532,86475,577326618,5.76,67933131,44159175,25510922,11194780,208318,34441272,2017
千葉県,千葉県第11区,462915,233055,6336,122870,80510,541084558,9.83,55555465,45130822,21462552,13121976,190096,21006892,2017
千葉県,千葉県第12区,456696,228654,4916,133484,62183,597163297,5.58,72130050,26850775,23268672,10891836,253033,23356762,2017
千葉県,千葉県第13区,2385292,1192207,46739,68647,60063,3993114516,8.52,374971439,27860596,124824688,41635642,1829031,116520238,2017
千葉県,千葉県第１区,88241.22726809756,44054.25139783349,2603.1005845967766,1604.5671851293857,1538.0019999363415,150036329.81897703,0.49839193447423424,16433842.146079611,791700.8377998909,5842182.186184337,1422875.6294213454,54288.58173045555,2980409.545548853,2017
千葉県,千葉県第２区,389120.13544502563,195280.86030152885,7658.6310069706005,7867.691382767657,7219.436905987077,651981738.0348351,2.015521150520408,60487348.59626906,6438188.542566584,18456275.254375942,6930097.770992052,266167.468365758,14875056.065309443,2017
千葉県,千葉県第３区,291695.6769291163,141443.1845012891,5014.943148759191,37703.112113142284,23958.78436336244,427414685.5420058,1.1270651332053092,50224537.72581783,401982.06988448673,17389561.137254044,5525376.834649151,183581.7964035527,10140220.003693381,2017
千葉県,千葉県第４区,1225964,610418,27654,17124,16164,2120774048,1.9000000000000001,195054186,7627080,68749230,21375206,887762,65663618,2017
千葉県,千葉県第５区,1087463,536035,29691,13220,12938,2183099802,3.52,202487905,5200917,58312776,18039385,612594,33747948,2017
千葉県,千葉県第６区,1880178,930930,52376,23766,23082,3381425324,3.8200000000000003,297316628,14632164,100650104,32885616,1167428,54396950,2017
千葉県,千葉県第７区,1281051,640104,29926,26163,24666,2092228668,3.58,182660439,20710844,73444352,23610043,895039,49811232,2017
千葉県,千葉県第８区,935875,470820,14980,27263,24259,1555614312,2.72,146553519,11799425,46660807,16214912,719830,36831844,2017
千葉県,千葉県第９区,358994.4951990918,179973.97124759955,6041.025866550667,22635.960446882327,17945.150605285773,539254311.4237841,2.509021781800049,46123144.683091745,9160124.210629022,16188248.281843621,6384411.2633312475,245781.70081173838,9669858.845702462,2017
和歌山県,和歌山県第１区,371969,195163,3300,20884,14636,472730042,0.8,58118414,11734806,31302531,9763129,241451,16184924,2017
和歌山県,和歌山県第２区,301203,158311,1296,99643,39087,333664901,3.58,32896830,45195179,16131455,9168200,154539,17745826,2017
和歌山県,和歌山県第３区,315163,166426,1386,351941,55705,303757306,6.22,33632153,73358792,21459584,14592696,110736,29414986,2017
埼玉県,埼玉県第10区,390037,194479,6133,40588,29823,542367916,7.44,53875823,15077856,16588641,7949483,243151,15681001,2017
埼玉県,埼玉県第11区,811905,407387,12556,165162,77303,1074363982,8.63,115105503,46604942,39970401,25765422,465298,32592726,2017
埼玉県,埼玉県第12区,881406,442039,11929,71395,70289,1225086012,5.51,121557058,38343000,39441917,18363278,566490,27985382,2017
埼玉県,埼玉県第13区,1583120,792678,21119,48545,48165,2323606432,7.3500000000000005,212648263,43433739,81924239,27684745,1188243,50634037,2017
埼玉県,埼玉県第14区,1187970,591078,19031,45679,45500,1679899509,8.15,160569694,39540484,65849249,22269860,884505,39984571,2017
埼玉県,埼玉県第15区,1360615.321442988,667169.7971252786,65991.02660420146,15054.966539119758,14924.076307528998,2240537082.143194,4.161995462985685,228446154.33813027,11886888.241553055,83541847.24744347,24182535.217667647,1170246.0141176234,40602171.69895812,2017
埼玉県,埼玉県第１区,79879.79142603412,40312.4993553379,1180.515246078672,1599.8010460072117,1549.5950211143822,143337186.77725056,0.547381297045745,14423988.148656204,400700.6784201683,4874519.453923396,1165676.8891913714,56962.16667821912,4116057.4684511297,2017
埼玉県,埼玉県第２区,1130086,554802,55282,12390,12262,1833846370,1.9000000000000001,183591248,10006328,69394576,19950294,955270,29095034,2017
埼玉県,埼玉県第３区,904057,450288,14951,14794,14776,1391034280,2.74,130062850,10848802,43507917,14705407,784924,27955404,2017
埼玉県,埼玉県第４区,445763,220228,8991,6121,5960,759942014,3.72,69339014,4832067,23001553,8084652,387871,13540032,2017
埼玉県,埼玉県第５区,80340.91922180133,40360.27741892165,1260.5203418267797,1352.812266245045,1323.593312939683,144164639.62621385,0.5930809412626105,14507254.538595656,403013.8319387702,4902658.9416597085,1172406.075696413,57290.996259437714,4139818.528336164,2017
埼玉県,埼玉県第６区,647435,325181,6501,24035,23528,944955913,4.87,84153787,20379412,25347802,11640265,449874,17462336,2017
埼玉県,埼玉県第７区,674047,336851,12059,15818,15353,1027808144,3.39,101665124,13626987,37158640,13352348,636893,42367377,2017
埼玉県,埼玉県第８区,598328,299883,9088,11672,10661,954449178,3.64,91220842,9630441,33731767,11897450,504290,38064878,2017
埼玉県,埼玉県第９区,482402,240939,5527,40867,19460,685316531,4.640000000000001,67327626,12656867,20711751,8364998,307360,15896811,2017
大分県,大分県第１区,953334,495348,5346,100478,49584,1238992844,1.7400000000000002,152795486,21239516,64423718,20710544,587904,34728278,2017
大分県,大分県第２区,1277683,667046,7061,490247,130116,1535198386,4.840000000000001,185358629,97101032,90377339,36169318,685121,67379669,2017
大分県,大分県第３区,372544,197051,6013,194062,69354,377304894,3.0500000000000003,41269825,57399246,30621992,14578135,157836,31062070,2017
大阪府,大阪府第10区,382817,199437,3070,12210,6394,564195776,1.5699999999999998,54737382,11575733,25234093,8846718,251824,16097189,2017
大阪府,大阪府第11区,479796,248389,4352,9067,7377,687605805,1.4899999999999998,65193914,14958667,28446979,13207515,335218,15894201,2017
大阪府,大阪府第12区,412925,211369,5912,6166,5054,514723720,2.01,51965517,20659330,30040636,11609518,273170,9254509,2017
大阪府,大阪府第13区,479933,245546,16726,6178,5169,608089949,0.74,75078959,21141446,49826434,12092933,360221,24528734,2017
大阪府,大阪府第14区,511309,266357,9264,10239,8773,662241259,2.5300000000000002,67692945,28245952,39146706,12530327,374668,20049075,2017
大阪府,大阪府第15区,438199.3467689687,228845.55869966885,3260.992423333493,25527.773047943563,12883.726250179969,576591218.297472,3.89931012141863,50681185.86494006,28364635.307091437,27407877.61720541,10843243.568609083,256962.18886468193,9653284.217258153,2017
大阪府,大阪府第16区,63001.78247708404,32569.066945817536,1072.9593067620099,807.9345707155541,807.9345707155541,84553014.79506068,0.3892805586216826,10025523.126029994,1576343.6316512108,6538467.515779694,1567344.2516824363,44806.94510066955,3299258.625940754,2017
大阪府,大阪府第17区,66973.45171329846,34869.29978043864,913.2675901041416,1450.0283642078994,1378.472112108269,89883286.32845537,0.41140931995968716,10657537.970865423,1675717.2566721993,6950656.334308047,1666150.5505237253,47631.60114099362,3507245.8204575153,2017
大阪府,大阪府第18区,531417,275071,6194,18724,13285,673020432,3.42,71171062,29134654,38268023,14318149,384545,11611075,2017
大阪府,大阪府第19区,376524,194800,3137,25763,13576,445709511,5.45,56795340,18049504,22890531,9987139,248953,10261718,2017
大阪府,大阪府第１区,13825.790472590708,7171.075389758185,914.9546878166475,108.8545363530262,108.8545363530262,19302576.24890508,0.1640236922059296,3563527.592310034,226150.6955597289,1930514.1216243892,356992.6908334005,8756.703048031413,544601.5129870502,2017
大阪府,大阪府第２区,29049.047942004152,15171.141193458367,1916.441161713089,220.6178802043412,220.6178802043412,40556195.60923124,0.18885352698602234,7487245.237578923,475159.98527939146,4056158.480266236,750069.069216938,18398.505833026218,1144249.6175109765,2017
大阪府,大阪府第３区,20282.312452386966,10149.077203495026,671.1827469698491,206.0293384136187,206.0293384136187,28316708.79089752,0.15771771382473565,5227663.488986103,331761.0720168514,2832047.1575318347,523705.12290460337,12846.005993295094,798925.6072080664,2017
大阪府,大阪府第４区,21228.164275748913,11030.3336885316,644.7206318129832,135.66960977520205,135.66960977520205,29637239.21386354,0.16039759298183415,5471452.014312674,347232.5235894615,2964117.7473172345,548127.7545234658,13445.070731115298,836182.9586112773,2017
大阪府,大阪府第５区,26783.229298897975,13503.615370258074,905.9346527601795,270.26497465258836,270.26497465258836,37392822.25915383,0.17709259351092205,6903241.9381012935,438097.62250407547,3739779.1096813832,691563.8650518273,16963.426872607368,1054998.4268730015,2017
大阪府,大阪府第６区,272893.4800697849,139047.0873354312,5201.938373946851,2558.4264206596536,2558.4264206596536,323487800.4885506,1.4919148804905562,41176263.20283706,13947953.861880293,30780084.25288049,7759851.329934612,171429.24876283394,12186027.006832626,2017
大阪府,大阪府第７区,446735,230135,5810,5096,5075,754329998,1.95,81235167,1358175,27669110,9595084,314166,18499815,2017
大阪府,大阪府第８区,398195,208216,4835,3639,3637,682197298,0.9,67004888,5738994,29265728,8896466,236968,15349882,2017
大阪府,大阪府第９区,542673,280462,6737,27962,11660,893779933,3.7100000000000004,87304913,9806325,30380986,12305824,380947,19272276,2017
奈良県,奈良県第１区,838252,443050,6840,60703,32173,1316359557,2.3,120399146,33951814,52125492,16637861,435995,23599531,2017
奈良県,奈良県第２区,1179460,620342,9325,89380,52173,1708766229,9.1,156973699,70630072,68818998,24590812,652539,37546807,2017
奈良県,奈良県第３区,436780,228690,3383,302090,43985,496896501,6.0200000000000005,47623930,70600624,31700565,11475746,197433,25241645,2017
宮城県,宮城県第１区,175567.05331298645,90942.13918417919,2249.5175434484145,18126.080971675416,5614.769663367473,268889684.9330527,0.6274487014509116,31317432.956778377,5422699.45765622,14005614.105662286,3696344.04766324,90343.02740022927,15851107.115393046,2017
宮城県,宮城県第２区,94326.06490210054,48298.62048593338,672.338416865591,4701.684659947092,3095.4325237632806,144465065.5911214,0.4542776010447711,16825766.326339275,2913427.6126147797,7524728.815544551,1985916.9585697306,48538.16308470181,8516247.953830164,2017
宮城県,宮城県第３区,441156.63145220315,224345.69332905987,2194.4594677599134,194660.08319707616,76562.22285580341,541999128.3972623,6.823452604991365,59605922.59518497,65099764.319438316,48137102.552901104,15359446.085580176,264876.06868054875,66365777.30559304,2017
宮城県,宮城県第４区,290357,147098,1460,100008,36505,356278777,5.39,34751939,38139882,29428203,8171142,194673,49334136,2017
宮城県,宮城県第５区,540322,276339,2826,277089,131096,567703733,4.79,62814623,129294900,159556923,28737352,236127,222794992,2017
宮城県,宮城県第６区,486866,249373,2347,326705,150753,498708429,2.11,51894238,110738111,62360581,20428960,170745,116619844,2017
宮崎県,宮崎県第１区,431794,228385,1747,86949,36466,497756422,1.3900000000000001,54816778,31917147,33630783,13523530,220719,18052213,2017
宮崎県,宮崎県第２区,345609,180839,846,433991,68690,314805937,5.23,37304610,61674509,28922389,15912246,128348,28553098,2017
宮崎県,宮崎県第３区,346142,182914,1940,252592,79348,312602950,2.46,35131268,54630397,24771274,14129074,136375,20270433,2017
富山県,富山県第１区,827394,425674,10852,248354,94882,1200465812,1.5799999999999998,142642910,42543186,43243828,19221442,462802,55727740,2017
富山県,富山県第２区,1034047,532636,12628,401011,166721,1476850085,5.739999999999999,172783924,66459829,52626630,25811842,556725,71254370,2017
富山県,富山県第３区,446113,230659,6495,147930,65979,579267126,3.3200000000000003,61844987,52187271,21281179,13723778,192788,30771412,2017
山口県,山口県第１区,795024,413231,5895,354841,88185,1046350474,3.7300000000000004,117715075,53109823,44034451,21279908,430986,52537397,2017
山口県,山口県第２区,627588,326992,5309,277619,72164,795449146,6.2,95085643,57990560,41746377,17330094,326847,43678695,2017
山口県,山口県第３区,696634,365950,5650,375310,96913,878782662,3.55,94700902,70489697,42367351,21034806,330117,42845661,2017
山口県,山口県第４区,304104,162598,4386,107318,32729,355417278,0.87,36917608,37047838,21197221,9047051,130228,21877123,2017
山形県,山形県第１区,368548,191623,1676,82784,36892,470246080,2.56,49727274,22929309,17772507,10068761,202932,20342464,2017
山形県,山形県第２区,394311,201827,2534,428679,119063,414127181,5.82,43762657,66496532,21020525,13923627,171156,29281062,2017
山形県,山形県第３区,360650,188173,1841,420851,129540,370419208,3.6300000000000003,39009289,69891409,19477572,15798536,118069,23656779,2017
山梨県,山梨県第１区,513832,261511,10475,239549,56403,667149294,6.36,72886071,57896345,27922101,16304507,264954,25613375,2017
山梨県,山梨県第２区,322183,164250,3294,206508,38867,397923960,8.61,49495880,43138170,18383083,13091191,131729,26741170,2017
岐阜県,岐阜県第１区,810876,421562,17114,40720,28768,1188969980,1.6800000000000002,131413548,22773484,48065564,17137774,462064,33676636,2017
岐阜県,岐阜県第２区,373037,190684,7634,143297,45237,493631503,6.87,56023792,27919010,16333915,10020294,223319,22172197,2017
岐阜県,岐阜県第３区,1313281,676580,27118,178622,66762,1865930211,8.530000000000001,201692039,57898511,69427300,28055147,792287,57863439,2017
岐阜県,岐阜県第４区,411145,210805,12488,604291,82328,520964952,6.71,58460224,65642749,21611744,13163538,214644,29533475,2017
岐阜県,岐阜県第５区,340030,174695,5457,156282,40098,440091687,2.93,43917392,37608997,14358503,8802627,183874,17788276,2017
岡山県,岡山県第１区,344189.8809951402,177763.97207192733,6336.3755988685325,97199.61543316484,32983.84503147108,478359653.79921746,1.5356163110272136,54029236.597486936,20493771.393947624,23638333.584328208,7964933.489880219,207209.77872109355,19969200.306734562,2017
岡山県,岡山県第２区,475603.4243173616,246149.89827697992,7393.586641573956,71816.8919856329,35257.09057187283,651003731.4863071,2.5062746791212196,73456427.31030087,24292348.928866073,31433645.70623921,9525375.318417013,285158.39472394635,25818907.601172604,2017
岡山県,岡山県第３区,402587.047358667,210060.0792658087,2833.003884397574,422765.13443917217,99719.52740594537,425486548.62116426,4.786933047215226,48396272.63910795,91771874.52212998,22427860.96900301,13626780.720075613,167940.29730542103,30796106.16588506,2017
岡山県,岡山県第４区,969518,496020,10715,71888,51706,1274553191,2.35,165655612,31669373,63116985,21331982,711726,46132913,2017
岡山県,岡山県第５区,1360101,698821,14390,500730,151807,1694225343,6.3,209915194,123551315,84194518,33677500,869239,80903762,2017
岩手県,岩手県第１区,353343,185951,1531,119277,39115,469405406,1.8,48779330,21436945,23631339,9244703,151344,19039888,2017
岩手県,岩手県第２区,465694,240566,2173,965269,160566,433894698,6.470000000000001,46243357,153387430,125566199,36230495,121676,185811162,2017
岩手県,岩手県第３区,464570,239630,2159,442955,169323,478909845,2.94,52944105,77452837,28555158,20459413,168159,30030576,2017
島根県,島根県第１区,703416,364760,7394,406273,105662,828660949,3.13,86254934,129315959,47122060,28758232,277966,56649806,2017
島根県,島根県第２区,629680,327946,7725,617793,126292,698782938,3.87,72513152,139495983,43946999,28172908,228569,56499884,2017
広島県,広島県第１区,42356.97817225174,22036.13867490805,804.5465902125052,878.0291155837078,623.4110722313037,65248912.1822259,0.27243808745402537,7423681.051640483,1259421.6879454758,4376310.175536025,838723.7032846217,24354.180589160907,1996504.078151036,2017
広島県,広島県第２区,238354.36814892385,123258.05288448441,3328.939099747991,80144.92654951641,18844.791934000816,320026848.6642993,2.3682507066475957,33853528.00053134,26313362.03101741,15397956.49698644,6016100.860989944,130306.17619911331,14074616.56472426,2017
広島県,広島県第３区,122603.00527601826,63217.601363063615,1514.671645552377,159401.8987927394,28212.065488353084,160349682.2638367,1.1630450977387277,18725014.944460098,22290582.83720846,11204318.360931896,4684701.93500266,56085.363153109865,9387788.82517858,2017
広島県,広島県第４区,771420.7501157881,393678.67096444627,17561.75533306089,276499.77294646506,96377.03468873451,1025156756.5664917,6.416266108159651,116111428.79722066,59143986.063912876,49538215.909623586,21921548.529440794,457902.5684500549,61841942.95997151,2017
広島県,広島県第５区,1243260,640710,24451,397069,151352,1574714075,6.79,176789928,126778917,78620686,35701626,667929,90928310,2017
広島県,広島県第６区,727962,380854,10966,486533,131777,839938379,4.59,96412448,112720758,48325035,24973290,309719,53071158,2017
広島県,広島県第７区,464639,238785,7335,51814,25505,596048681,0.81,72640026,16606082,28466603,10469478,280128,14129606,2017
徳島県,徳島県第１区,441859,230859,2636,215981,50205,536495266,4.19,64015831,42221276,30559014,14644247,153745,26962654,2017
徳島県,徳島県第２区,323247,168523,2315,198684,52202,341345073,5.65,35076335,57753273,20153298,11074123,106352,21489648,2017
愛媛県,愛媛県第１区,1028412,544684,5702,85874,48046,1245769768,1.46,135129126,45760608,79822156,24376074,567700,46170066,2017
愛媛県,愛媛県第２区,1283685,679057,8880,164155,79097,1524314315,3.9,167864112,80190821,93113413,31700221,696028,62767947,2017
愛媛県,愛媛県第３区,322178,167063,2641,116568,31292,379639152,2.2399999999999998,49484777,21672233,18333668,8410723,179144,20377604,2017
愛媛県,愛媛県第４区,314216,165972,1454,329826,80129,279935301,3.25,30159761,83046851,23240515,12432812,82326,33782863,2017
愛知県,愛知県第10区,964830,489922,14600,29311,29311,1367390816,5.28,126836724,27691429,41940021,18065441,662915,40306061,2017
愛知県,愛知県第11区,876019,418983,29506,186883,61606,1645711476,3.3800000000000003,254776887,15562107,41840693,17494320,586137,84721602,2017
愛知県,愛知県第12区,537888,265868,15630,54842,29062,919115385,1.97,96461188,4390431,20739344,10134516,396025,23205801,2017
愛知県,愛知県第13区,505028,243371,19491,20254,20204,935270783,5.58,111644370,680765,22054324,9278573,334767,29373342,2017
愛知県,愛知県第14区,1173440,569477,36671,316388,89287,2044749751,6.430000000000001,296140570,34969301,55542125,24937753,777158,96451150,2017
愛知県,愛知県第15区,427117,212027,15446,45298,35665,660994467,1.9100000000000001,81211009,5336050,19378708,10009493,282085,19898897,2017
愛知県,愛知県第１区,25530.376092235103,12951.412843294978,892.6319479960285,299.3027568063995,299.3027568063995,47228691.03910896,0.20096971491744026,5863037.816108774,88049.07889391368,1870706.2519504041,554117.9467143114,14159.185788715718,960996.5676165717,2017
愛知県,愛知県第２区,35019.15021179301,17906.792601824607,883.9985129523936,527.1813307849741,474.1823545495754,64781992.23661043,0.21609258029557454,8042129.941132449,120773.93253653529,2565984.261356655,760064.7769909119,19421.674487691067,1318166.3690656577,2017
愛知県,愛知県第３区,41225.55632703783,20756.643039990406,858.7630707124293,612.3850494940677,576.1981588588341,76263234.65235709,0.22102037173464967,9467427.932213608,142178.5659706297,3020750.8766225744,894770.2353292473,22863.756850617963,1551783.568923469,2017
愛知県,愛知県第４区,23734.69768558345,11795.53836346641,889.3704242854768,480.0256595196936,479.64888871124657,43906862.157036826,0.1981031513236722,5450661.188136942,81856.14898468855,1739130.1713756544,515144.07386346575,13163.299786695608,893404.8964597854,2017
愛知県,愛知県第５区,191780.33802308966,95343.67780392955,4180.337964952187,4595.955119685985,4595.955119685985,300310347.742522,3.1138141817286633,35451585.18794809,3731683.186878664,9022293.309777135,3299029.6678232374,152285.13483735846,11027491.059981363,2017
愛知県,愛知県第６区,524285,261550,15487,23049,17246,822870402,3.0300000000000002,93426842,2772039,23987420,9399080,375472,23953344,2017
愛知県,愛知県第７区,546441,273497,11947,26380,18291,942153993,6.680000000000001,89323300,6032663,19591921,9199949,453803,15726183,2017
愛知県,愛知県第８区,530071,262007,9782,35807,32046,820374791,8.15,102093824,6447850,21392152,10383341,444404,24119360,2017
愛知県,愛知県第９区,1227086,621953,19258,51537,51528,1731662827,9.53,166219483,41698483,53403570,23637861,851537,53152580,2017
新潟県,新潟県第１区,150466.77231401592,78080.56452314266,1066.8845742714461,8548.48145015257,8322.799011259609,199651303.36901712,0.8616374367939247,22652175.077455062,7775144.02426195,10367580.437706294,2964873.3763020043,85193.32351646308,10544741.422263015,2017
新潟県,新潟県第２区,1139804.2633896626,583456.384766631,7981.774261420954,423938.2147371191,192840.44845203857,1389818502.7967367,5.817400139100359,160107560.9268632,132583474.0219188,63880252.11674447,33002412.66636305,609990.7125724632,75433447.8080157,2017
新潟県,新潟県第３区,337336.1921940889,174086.92976058446,1512.4527716686405,383718.45278795966,119861.65619905136,349844013.2122577,3.9422056805579055,40213564.17490352,59108275.54528168,20709596.86465926,10438241.217191594,153346.58981933253,30157025.850663908,2017
新潟県,新潟県第４区,1032765.8012619285,528670.9033954273,7054.881494013045,338616.05500228703,164621.0590712858,1261347106.2442286,4.115586383202692,138971619.30928057,109179409.15536433,56381151.73964737,26384030.77696628,560642.0392743686,61283693.8258453,2017
新潟県,新潟県第５区,965296,493107,7457,471697,182326,1168347426,4.14,133706750,116911963,52046923,25924182,507945,65456015,2017
新潟県,新潟県第６区,342025,174941,2050,292628,93330,390737361,2.14,51275139,59378814,20426624,11464507,153523,26822322,2017
東京都,東京都第10区,1717428.9520571188,868279.1865730385,74537.72877380812,10938.799151898764,10938.799151898764,4886034964.076919,10.83106072672627,228935898.25129354,0,123599282.57616729,39134903.8274195,1071532.262552148,70960584.52312937,2017
東京都,東京都第11区,649921.7071927018,327637.77490229753,24677.16016971258,3946.483847064771,3946.483847064771,1849008182.5233428,3.6745659656096565,86635554.64751875,0,46773321.62327736,14809709.290083496,405496.8775015672,26853410.25689802,2017
東京都,東京都第12区,1906780.9446622021,951958.4845395808,84267.12518726785,13513.270227814673,13513.270227814673,5424735825.779467,11.091429422233919,254176807.6122273,0,137226495.74986118,43449651.177668974,1189672.09524325,78784214.17592046,2017
東京都,東京都第13区,984564.0467032777,488511.6014432033,38504.73649074452,8027.787549947715,8027.787549947715,2801055817.0707273,4.52269721123815,131243888.80713767,0,70856735.98145209,22435175.11074674,614285.7550688214,40680134.203419805,2017
東京都,東京都第14区,189261.45703746282,93483.64104357541,12638.14987430835,1041.6961055209683,1041.6961055209683,538443290.669779,2.7730625134174973,25228840.831710353,0,13620697.543925248,4312684.324161817,118083.3460565325,7819888.911847594,2017
東京都,東京都第15区,262801.870698033,132180.7955438905,13399.165735232673,2211.806880377098,2211.806880377098,747663609.2092066,1.6522461755805016,35031890.115925744,0,18913226.447618,5988443.319948995,163966.4236326644,10858425.518078763,2017
東京都,東京都第16区,1000280.8361807282,493053.2327846298,42719.1338979647,7582.558892713116,7582.558892713116,2845769621.864735,4.558652640909688,133338960.81133135,0,71987835.99085087,22793312.22258423,624091.7193671735,41329519.184854396,2017
東京都,東京都第17区,1219934.0097921758,602452.3396837048,51049.70522364804,9334.773351061742,9334.773351061742,3470676454.2262626,6.069182346382642,162619063.80729604,0,87795753.19256946,27798529.943163097,761136.9588891439,50405130.47762965,2017
東京都,東京都第18区,508794,256162,9194,5171,5156,1086981106,3.58,111419198,159201,33444346,22659771,284488,25935005,2017
東京都,東京都第19区,497911,252902,9612,4772,4749,932389285,2.85,84469377,4495484,27974154,21909533,347774,18200579,2017
東京都,東京都第１区,322711.3223754221,165320.55166977143,36117.0199652357,2378.985761871455,2378.985761871455,918104240.9592322,3.8026744967140114,43017911.381654,0,23224767.392579652,7353594.773195302,201344.91910244164,13333759.187279837,2017
東京都,東京都第20区,492970,250304,7763,6899,6443,751580108,3.95,68717526,14730669,33682665,26311900,394770,10943794,2017
東京都,東京都第21区,1999411,999357,34331,51078,34397,3387292431,8.950000000000001,351635152,12396198,126768122,96347598,1369027,78823272,2017
東京都,東京都第22区,654120,331040,10120,8033,7503,1316331537,4.98,124882416,3725150,37082207,32648666,383942,38599415,2017
東京都,東京都第23区,713181,362518,9454,11382,10517,1254632437,3.1500000000000004,125740528,1243030,43144686,31178509,476142,23134173,2017
東京都,東京都第24区,1105470,550672,20120,37276,21302,1775602600,1.8800000000000001,180833488,9257886,70194660,51037574,783594,32345210,2017
東京都,東京都第25区,495220,246448,9524,59004,14812,735740388,6.5,79285946,13312108,32821835,32855051,331483,16610971,2017
東京都,東京都第２区,259168.4426896859,134197.98164601813,18202.174194315365,1900.2162531192073,1900.2162531192073,737326613.1623099,3.967559088925977,34547548.62172536,0,18651737.263692256,5905648.712637758,161699.46794291597,10708299.846221305,2017
東京都,東京都第３区,1442522.479571933,723370.108205622,41862.60539054439,51558.28873530423,25798.288735304235,4064309235.7830505,9.303439519116905,192133136.84820375,10994988,104839395.62856908,44353230.81159344,887147.7908484035,68612337.3258948,2017
東京都,東京都第４区,1104933.653758169,552076.3446836703,32267.08497401911,9687.791400336564,9687.791400336564,3143503816.435092,4.791192581768825,147289340.9815984,0,79519450.70868403,25178026.854450647,689386.3391340602,45653555.47083443,2017
東京都,東京都第５区,1893324.5671705874,994764.2904135013,38498.7023358564,12502.974189929433,12502.974189929433,5386452826.74472,7.826123087790251,252383051.97269332,0,136258072.22232863,43143021.87671942,1181276.4392820094,78228224.70618132,2017
東京都,東京都第６区,1732812,909768,33766,11610,11610,4929799284,6,230986482,0,124706364,39485436,1081130,71596180,2017
東京都,東京都第７区,1415825.3193756738,729257.8566491922,42205.71467072019,8552.846006375763,8552.846006375763,4027981480.811114,10.97183883768118,188731674.09338883,0,101893585.47752383,32262288.13938715,883356.7793486092,58498951.0775423,2017
東京都,東京都第８区,674347.6848036601,350740.8958617553,15967.55105574061,4249.529527727185,4249.529527727185,1918499371.9527225,3.7429796192547142,89891574.71072586,0,48531201.21725986,15366301.912765546,420736.64798707596,27862640.738744948,2017
東京都,東京都第９区,1145526.6371862614,583955.1997146833,23842.406248340845,7818.461958943036,7818.461958943036,3258989662.931558,4.878408044265621,152700447.57362303,0,82440831.31271358,26103015.629458558,714712.9713212874,47330772.934849404,2017
栃木県,栃木県第１区,1177810,587124,17554,103727,85927,1840915960,4.41,210266319,16603545,72758325,26346303,786115,72398188,2017
栃木県,栃木県第２区,1778443,890666,28240,414123,202563,2552007968,7.41,286224169,65148989,104502331,45676214,1137231,105331677,2017
栃木県,栃木県第３区,293235,147254,3623,185703,80968,355430356,3.7600000000000002,43416847,25594941,19609557,9727411,146908,17491648,2017
栃木県,栃木県第４区,969618,486216,20506,197060,150636,1293474739,9.77,141623982,55452576,48990320,28261531,611475,68938860,2017
栃木県,栃木県第５区,748646,379033,15342,152830,98357,942507033,3.5999999999999996,99606683,48407286,37005846,21131651,468403,46228010,2017
沖縄県,沖縄県第１区,333278,171290,3724,19433,12203,366511038,1.56,46459369,20907513,39519595,24495964,68249,30987543,2017
沖縄県,沖縄県第２区,363628,185713,4134,14658,12570,360095333,4.85,42562928,21333465,29023262,25134503,102240,24140134,2017
沖縄県,沖縄県第３区,390707,197066,3197,96212,41185,308728828,4.1000000000000005,37923365,52769285,52230693,31850075,96775,53887495,2017
沖縄県,沖縄県第４区,361043,181189,1520,97794,51277,303505747,3.91,32215166,51845408,28970455,36881756,119774,41323981,2017
滋賀県,滋賀県第１区,389093,200546,4348,115756,24116,567144155,1.2000000000000002,55385854,22618206,21939540,9327885,263042,14844819,2017
滋賀県,滋賀県第２区,536317,271923,11663,210019,69664,694684738,5.39,80600745,59057154,27873353,15928782,363016,31214982,2017
滋賀県,滋賀県第３区,326027,163684,3991,25639,16923,503860994,3.56,56312197,7095970,18453813,6965663,286324,22291227,2017
滋賀県,滋賀県第４区,482645,242703,11691,166836,68058,638697797,5.31,72672140,41677590,26193782,13904634,330993,35104939,2017
熊本県,熊本県第１区,119998.30766682772,63524.71422920411,880.101304563852,4202.886722904396,4202.886722904396,152659130.20852017,0.49531263131528125,16258963.817021044,5543144.129370768,10692446.766380446,2955747.849358759,62862.25538585211,7965843.455215042,2017
熊本県,熊本県第２区,198584.75129792537,104625.76391240492,1211.7559475984444,45208.00549145963,32168.00549145963,195625644.3329696,2.514687368684719,20602524.695318777,27070727.446115058,13412097.22253866,7353886.522948806,83939.15567884239,11643500.65728973,2017
熊本県,熊本県第３区,391923,203305,1922,262980,103863,386337751,6.93,41889791,62940709,25812170,17865606,223558,29783834,2017
熊本県,熊本県第４区,512936,271835,2963,396782,107998,457764727,5.88,49914792,111366819,38304911,23049649,140462,35494734,2017
石川県,石川県第１区,449662,232235,4694,46864,19247,679108588,0.81,79167507,14019822,28078033,10172307,272745,22907980,2017
石川県,石川県第２区,394227,201928,4455,154419,47918,533233204,4.02,59616035,32616143,25198524,10897167,258220,26576709,2017
石川県,石川県第３区,301805,157405,2199,217326,71692,333728288,4.59,36703345,66835129,18461149,10384812,117452,27700436,2017
神奈川県,神奈川県第10区,50755.904692354634,24466.537482586034,1461.0347358258127,468.0277949107632,467.23986289225627,98563847.6513097,0.2330579445790412,10003363.61546974,279122.2604792805,3525363.5601178245,881623.3222525584,34360.14298787717,3033932.159772928,2017
神奈川県,神奈川県第11区,455378,228411,5197,13288,9629,657628791,1.4500000000000002,67102017,16651266,24685298,7736111,297083,12870302,2017
神奈川県,神奈川県第12区,468370,235291,5973,8291,7672,841823821,2.06,88243231,106257,21606522,9001148,374821,18085232,2017
神奈川県,神奈川県第13区,694057,343384,15852,11096,10489,1099445028,4.63,107845966,7153183,44399082,13474503,578824,32255613,2017
神奈川県,神奈川県第14区,75092.31863295773,37303.89103969534,1190.0432677784192,3206.8841278378395,3206.8841278378395,145823188.42279097,0.29210737365314177,14799771.032893034,412955.65212570736,5215702.987819305,1304343.5996286767,50835.125906214285,4488640.323394012,2017
神奈川県,神奈川県第15区,554877,280372,6170,12978,11479,895867207,3.54,86857346,4899337,25948104,11250780,450599,19591335,2017
神奈川県,神奈川県第16区,670359.6378525489,328296.5450071191,15415.02728722614,31945.456570760325,19093.456570760325,1072221110.9107816,6.014652090745063,122042587.14972115,5788458.723355081,36686815.37457522,13117328.653835071,502751.9647027145,20923015.377318896,2017
神奈川県,神奈川県第17区,507983,257286,6211,73884,24414,754469067,9.44,85798433,9381779,24783386,11267549,326550,17230789,2017
神奈川県,神奈川県第18区,67372.18793185403,33442.77703379502,1050.1577651898308,536.1420332714354,509.6055397383834,130831321.15367298,0.3034399745170828,13278228.366474476,370500.2896304715,4679484.244049825,1170245.954868219,45608.84146930264,4027169.821514514,2017
神奈川県,神奈川県第１区,23336.658523427235,11675.070718658837,867.1592564448808,333.83523495765,294.86818675995784,45317896.889742404,0.13274030725336589,4599367.939451933,128335.43049964096,1620899.2051676656,405354.65858411713,15798.18010504313,1394947.823805213,2017
神奈川県,神奈川県第２区,24985.972147522407,12592.544621695457,657.5118475279432,201.21118912787347,190.25943451827803,48520730.09230047,0.13270946239707188,4924427.33890063,137405.51110971157,1735455.9288598907,434003.0171450516,16914.713290674637,1493535.4792912893,2017
神奈川県,神奈川県第３区,35429.66710307807,17231.635777401672,1135.8665935293784,401.42952860441005,391.68260253612044,68801538.10381038,0.13457717162646032,6982750.9716425575,194838.58734822564,2460845.848564113,615408.6112156896,23984.764630902588,2117806.9248417695,2017
神奈川県,神奈川県第４区,272605.2430759438,143193.46716716915,1901.7928556273223,7461.044645544574,4410.520154147525,559562015.771812,2.822496385625398,51907968.87833744,1908345.4962606984,10625325.703469155,4898524.45836286,152089.67313575136,7716334.215048074,2017
神奈川県,神奈川県第５区,31081.500370072485,15714.515693814636,408.7353203210365,425.204289331989,382.13070631212076,60357751.19798835,0.14630220557718424,6125780.868270608,170926.68715033313,2158834.316176563,539881.5326600812,21041.193206320982,1857895.4334146932,2017
神奈川県,神奈川県第６区,27653.514828941534,14011.040513890877,396.91674630078285,341.61945199666445,302.68112306856426,53700881.48647639,0.11878407339606474,5450167.143239892,152075.14507005003,1920736.0025997749,480337.87917337986,18720.555359994167,1652987.7356894198,2017
神奈川県,神奈川県第７区,42485.521324124835,21233.372408327563,665.1586530896666,446.9541129307712,420.4653140654409,82503434.36018544,0.14433425056484026,8373372.926244612,233640.89008971344,2950925.8009785684,737967.8617579421,28761.354889834616,2539570.3268667534,2017
神奈川県,神奈川県第８区,46075.47855717785,23349.902966720343,586.0767242499453,577.994936311896,528.1658311252341,89474839.95206831,0.18376168812264695,9080909.276623651,253383.16409679336,3200274.216468301,800324.942017523,31191.642451365282,2754159.8759563905,2017
神奈川県,神奈川県第９区,30380.278161282527,14977.105966281188,475.24756039994145,336.00786088783406,304.8334712195999,58996034.5784972,0.157613048920293,5987578.60840969,167070.4515221421,2110129.3775610994,527701.3960415372,20566.487937912527,1815979.904112438,2017
福井県,福井県第１区,460983,238095,6208,208380,63136,623692191,3.45,69506199,35865489,29424338,18133663,225792,37952001,2017
福井県,福井県第２区,326271,166582,5758,210669,44328,416501440,6.53,56484404,36455504,24172362,17123366,149835,30312085,2017
福岡県,福岡県第10区,90865.13280484184,47795.80450641429,1147.7923434708557,5324.694722203414,2684.4511383227514,113778080.59537019,0.369050204955389,14820793.902639098,4801567.140371393,9004515.39350722,2229378.8469756995,46784.28185977566,6348223.4315597005,2017
福岡県,福岡県第11区,319752,167838,2116,93287,40720,317717363,5.7,33637214,49574528,26227983,11429053,134564,21837690,2017
福岡県,福岡県第１区,88477.07115627243,45511.056452709316,2764.66552282961,1831.818628863849,1621.892444421483,133612756.11159755,0.3014860455504558,17089382.75350461,1829025.0569273736,8304905.078812875,1999418.683884684,39008.84030069214,5078926.480172772,2017
福岡県,福岡県第２区,127733.65917439798,68268.81742294054,2231.8186363413893,1511.1033926279613,1295.4911166822562,192895696.33658513,0.5534809445084945,24671808.906077705,2640549.2427563514,11989726.840518339,2886545.196135191,56316.75920822893,7332406.639505061,2017
福岡県,福岡県第３区,178755.72253363533,93691.84864642927,1452.1304055817798,24387.270913320353,13187.848968643275,225800297.00577012,0.9254643688412261,24277978.333175976,10403879.739722455,13826510.42774129,4937056.5344128255,86002.4154791576,8882706.113873621,2017
福岡県,福岡県第４区,440017,228145,3017,37938,22182,540550974,6.61,49630095,28215749,23245794,10390218,364322,21333952,2017
福岡県,福岡県第５区,607597.410803822,316792.9548574101,4457.588914750604,60969.203005699244,30126.33061196189,794620910.6762018,5.050871092645363,79076276.77760391,32152830.3310464,37096664.91953166,14101861.76298578,340850.08251451055,29305272.508518156,2017
福岡県,福岡県第６区,458446,240386,4176,46783,37120,543432866,3.1100000000000003,55758191,37970338,37231512,14875108,232511,38612306,2017
福岡県,福岡県第７区,360812,191237,1745,82597,45797,355805167,2.91,38527113,48801325,29133751,14542769,137994,22564039,2017
福岡県,福岡県第８区,431609,228098,3548,73021,38705,434060592,5.42,43333487,58592653,39820675,12874378,196728,30197462,2017
福岡県,福岡県第９区,84302.78360148547,44300.394815435975,928.9081685269775,3205.1665123207613,2317.395600881282,105560940.82451786,0.350949795044611,13750424.8616453,4454794.298844227,8354202.4231172865,2068371.4060703698,43405.485336674785,5889749.892888945,2017
福島県,福島県第１区,495792,252749,2771,211449,85085,638906899,4.42,64038288,62078146,42420014,213052336,184358,63819617,2017
福島県,福島県第２区,421099,213668,2455,126908,61025,546896142,2.21,57812277,34225938,23931601,80460751,210709,36449235,2017
福島県,福島県第３区,330767,167205,2059,269006,99698,359042118,7.3,38455020,61983345,21467348,43205735,139499,41341021,2017
福島県,福島県第４区,299043,155033,1413,561237,119789,308800390,5.74,36133033,61721690,18363712,28682790,102461,26811953,2017
福島県,福島県第５区,396153,201325,2147,209773,57349,501987779,6.75,62854861,45976340,43509705,38575165,149365,56173357,2017
秋田県,秋田県第１区,315715,166943,1389,90609,28716,394693686,0.65,43605177,22279547,21222412,8677248,181030,22353527,2017
秋田県,秋田県第２区,322790,171198,945,521192,134640,283958476,4.14,31318396,76055273,20994257,14713704,94727,27149848,2017
秋田県,秋田県第３区,400931,210742,1245,549758,156173,355664379,2.51,36058325,103445897,30461062,18214711,124090,39503870,2017
群馬県,群馬県第１区,913836,467826,10978,352356,106965,1156001123,6.29,124794398,82971701,50023983,35027568,479772,59004197,2017
群馬県,群馬県第２区,998790,501448,33159,148204,73708,1318418535,5.96,155226599,44821742,53571226,37781886,646634,57527024,2017
群馬県,群馬県第３区,602817,297811,27251,54442,52396,826796203,6.69,112675649,11180301,29522458,20896454,413247,35649918,2017
群馬県,群馬県第４区,812375,412411,9256,139506,59497,1153147483,3.45,130012779,38271548,43905464,24256339,528414,49597360,2017
群馬県,群馬県第５区,1128965,573132,11860,349077,131676,1525868402,9.13,173615118,79561472,58633465,38261870,666732,77003440,2017
茨城県,茨城県第１区,1038924,526596,13617,232126,142090,1378965250,6.7,142905748,77855840,61178209,28182886,529363,51920852,2017
茨城県,茨城県第２区,1120206,563918,17283,210469,153959,1507075272,9.17,164050694,72930924,75647047,30827647,591258,78664220,2017
茨城県,茨城県第３区,464989,233281,6811,65614,53049,663038937,6.38,64265072,23398156,20569275,10708440,257378,24358886,2017
茨城県,茨城県第４区,374318,188091,2208,159240,63269,475600825,3.2,47368413,39416728,19647449,9070951,183595,22977980,2017
茨城県,茨城県第５区,298418,148711,2159,64410,23104,409897041,3.54,50559938,16307021,18639222,7391014,145164,27012588,2017
茨城県,茨城県第６区,627898,311190,15836,114738,88318,934298412,5.17,99821412,29709437,36763639,15249894,353607,47993260,2017
茨城県,茨城県第７区,449215,223668,15366,72646,68430,562266696,6.21,61582037,33110867,24214866,15022179,242444,23290761,2017
長崎県,長崎県第１区,860050,462442,11000,81172,37242,1018688342,1.12,110629662,74946938,112767852,22542888,340704,46132682,2017
長崎県,長崎県第２区,1212235,648063,13094,167057,86619,1373627016,3.8800000000000003,147037641,130995979,138328966,36611267,460795,67144391,2017
長崎県,長崎県第３区,1025136,541841,5551,308001,109724,1079799910,4.15,111444684,148455816,87038207,38523836,430008,61281734,2017
長崎県,長崎県第４区,1832401,968484,11323,424025,204983,1913364597,7.7700000000000005,210465122,246970607,163083082,68908496,763020,119856009,2017
長野県,長野県第１区,920712,473788,8635,294642,96555,1221550251,4.43,135098182,71778219,48462562,20886712,420066,83207722,2017
長野県,長野県第２区,1202173,616917,13300,464043,146151,1630668721,6.43,176718781,101939910,62986826,27104278,577142,95366575,2017
長野県,長野県第３区,482905,246113,7782,264997,76112,587446348,8.25,70706686,65586993,24306593,12943306,221067,51414164,2017
長野県,長野県第４区,294021,149545,4539,255190,45369,387330154,5.72,43149107,35825355,12334019,6774922,135933,18140202,2017
長野県,長野県第５区,347523,178142,6612,327731,64151,424157616,7.03,43540478,58966076,17012076,9373575,167343,25246083,2017
青森県,青森県第１区,423126,222700,1252,335496,77757,449877808,5.16,54658036,58805189,40533737,18844435,167054,23862735,2017
青森県,青森県第２区,480823,249163,1968,293998,118973,506752460,4.33,53852728,69117238,36865713,18144081,172468,31255287,2017
青森県,青森県第３区,430309,230067,987,335068,126756,379363205,3.49,39020362,85722159,36605114,15873531,126567,30098481,2017
静岡県,静岡県第１区,154136.55420978245,79050.85435111469,1855.0946755395835,41070.87402115012,6881.261850954879,237258679.32050684,0.5991369217985413,27822300.80240105,2620186.9928335547,9323230.758176213,3144786.5837454572,100538.46103990905,9208325.49999811,2017
静岡県,静岡県第２区,531223,268587,9389,134049,51944,729277178,6.67,86298191,21477402,26398391,12179559,389580,27714316,2017
静岡県,静岡県第３区,494698.4948591093,245923.17122852252,17206.483275450995,97037.268993634,59057.03730270412,711753533.0631032,6.079479566497863,88559316.86882788,20804545.8801373,23379600.17691747,11674052.457387302,342371.14671066497,29610484.756536063,2017
静岡県,静岡県第４区,719496.6458441936,364325.2579618332,11476.082077796638,96953.68059345326,43655.72523880883,1064536541.6268927,3.2008630782014587,127718918.00362575,6359999.32808456,33467545.16099298,15193882.845367132,523526.56228372216,45697892.01544712,2017
静岡県,静岡県第５区,911087,459600,13863,127508,57231,1356476322,8.17,158898117,12383157,43651440,18237487,635520,58460703,2017
静岡県,静岡県第６区,578819,298500,7118,154504,45624,775224120,9.45,97310285,31077392,30134445,13744914,303382,30045518,2017
静岡県,静岡県第７区,259684.89646018934,129883.45250623974,9364.476490718735,25723.930477748185,12582.005075543115,397744416.2960699,2.145175150648464,44723838.91550923,6508302.0536818085,12999194.504489232,5051688.522409478,180002.40203110952,14623587.157157483,2017
静岡県,静岡県第８区,181245.83142852428,90982.11221010718,6505.387442852556,4531.747981519948,4384.068740618176,276778793.2228008,0.8906154730469626,29702030.347361602,4945752.354903154,9577043.963861585,3611977.7092779656,125521.15496674339,11098303.115372706,2017
香川県,香川県第１区,884554,458127,7739,93500,52669,1229345518,2.74,130706929,42476893,50378886,19945809,431235,48115669,2017
香川県,香川県第２区,1283339,663950,12747,157196,92602,1715980897,6.71,180803201,72470549,69836424,30421926,644032,65547252,2017
香川県,香川県第３区,437520,225515,5388,83134,49806,520221543,4.45,51769846,43883904,22486328,12042001,218049,32163183,2017
高知県,高知県第１区,840560,446870,3904,329281,67948,995426524,4.62,106247212,104472516,83980522,32786300,349780,59595897,2017
高知県,高知県第２区,899457,477718,4294,473808,88490,1040170664,5.17,110690177,126491439,86096454,38863094,343795,71249986,2017
鳥取県,鳥取県第１区,286911,149166,1725,202380,41970,305251760,2,32388557,48322296,19703821,12023716,98856,18531194,2017
鳥取県,鳥取県第２区,288507,150921,2166,148325,49081,318756008,4.35,32832424,45825207,18643751,11894990,111982,16042604,2017
鹿児島県,鹿児島県第１区,1211390,647368,4446,122764,52703,1484760697,1.51,171155703,69034341,110902133,31631384,723490,76487075,2017
鹿児島県,鹿児島県第２区,1462257,779543,5717,320041,132671,1689619808,4.64,192631952,141383771,134989783,45310028,780332,102205935,2017
鹿児島県,鹿児島県第３区,400110,211263,1721,270063,92827,364496388,3.58,41206663,76050547,30593644,17438543,173088,33812990,2017
鹿児島県,鹿児島県第４区,414096,216340,1911,370083,123436,372588854,4.17,42461831,82557184,31518977,18140362,145606,35926284,2017
三重県,三重県第１区,431413,222242,12957,133477,49257,646399977,1.33,63686039,33265058,24798917,11680494,336698,21140553,2021
三重県,三重県第２区,1009906,507368,35568,148640,86405,1642547534,5.3,221774205,20765349,52746517,24511195,844596,54219344,2021
三重県,三重県第３区,884371,443105,27832,92956,65659,1495721352,8.1,205430136,12678056,43328047,19764523,760269,54494421,2021
三重県,三重県第４区,356005,187489,3089,264304,57950,434786983,5.69,43592794,60757849,18925914,10876019,202620,25517635,2021
京都府,京都府第１区,30769.81832768595,16339.306974721821,1195.0511287816068,988.188568492203,366.0493075639823,50598484.47378351,0.26518216934249506,6570160.8547050785,1382959.3623180399,3298050.2963694045,839390.8390374525,25382.798778958764,1830983.6466995378,2021
京都府,京都府第２区,28870.14726608736,15236.142251150886,1017.0230236165371,2958.8068535757134,496.99152123643694,47474628.632583916,0.181507467504661,6164531.405976717,1297578.0366311555,3094434.8365383553,787568.4178158214,23815.71223365467,1717942.1392439767,2021
京都府,京都府第３区,205303.1788050675,106234.56450645954,3245.4457181255802,4487.750723033645,3131.5871560237433,331735551.05607545,2.51591965268033,34102057.70005045,8055153.579894299,14481843.98362302,5088795.381806037,191384.99131090014,9053635.79108784,2021
京都府,京都府第４区,176168.32214836334,91009.39658770575,2507.860264735356,119128.43761707435,20662.210040267357,233791481.9724112,1.3973907104725138,25153924.3227494,23622300.909202024,11588129.659074232,6343260.282720467,130427.13025571674,9274179.121624263,2021
京都府,京都府第５区,288810,147688,3181,208628,48052,343581867,2.89,37815675,46238836,18885879,12237662,178083,16541958,2021
京都府,京都府第６区,552673,284964,7691,52095,25514,794845774,7.09,77989664,32310410,30721187,14654419,507023,23070543,2021
佐賀県,佐賀県第１区,403856,211394,3711,75955,45919,535329007,4.32,55960012,30400241,25838780,13519438,311159,23644181,2021
佐賀県,佐賀県第２区,418587,220144,2627,168117,87646,452855889,5.8100000000000005,46390455,64850059,31010434,21659057,224259,33137874,2021
兵庫県,兵庫県第10区,417968,213216,4671,21691,17655,587849880,3.46,66307540,7367515,19303584,9524837,425098,14912265,2021
兵庫県,兵庫県第11区,1052142,541970,22060,106896,45696,1542972312,1.78,192411962,24709700,65835762,24902090,936594,61126114,2021
兵庫県,兵庫県第12区,1351033,696395,24892,296662,85896,1915662225,7.07,235601582,66051325,80529831,34503865,1151575,78322598,2021
兵庫県,兵庫県第１区,50503.000046985544,26908.0569813803,2317.542864909855,998.068592850143,691.3756420238686,83378335.25466302,0.2473093393832812,10200150.330396948,2319264.2591404533,5196867.350251809,1320896.708486822,50419.47358599309,2957577.982575324,2021
兵庫県,兵庫県第２区,1000945.2640694849,526860.8362137708,14597.695677330148,23642.43728906848,14188.28824019009,2017550354.4744353,2.100320844128821,182675365.52766263,9350712.335550418,63998014.296779305,23395540.51876627,710166.5172338489,36805809.58015644,2021
兵庫県,兵庫県第３区,49222.271085768756,26098.2986226524,768.9778986723229,721.9498926044757,590.313714408452,81263905.44654585,0.2029845216200615,9941479.99547129,2260448.9629673017,5065077.584953169,1287399.4772775648,49140.86281097359,2882575.393148611,2021
兵庫県,兵庫県第４区,306451.39522962505,157556.93715683772,6015.937362902901,91793.05806808877,41630.81974131103,410442631.35826075,3.6493852948678365,47230601.59748966,29540562.102237538,17029346.60268664,10147640.388722342,225911.94409469212,15164778.154291572,2021
兵庫県,兵庫県第５区,728406,379855,7060,341163,74492,1063493786,5.32,94217978,86343635,36105829,21493522,545691,37209115,2021
兵庫県,兵庫県第６区,744663,391436,8813,23368,13502,1205265344,3.18,105195291,24187125,42141384,16702804,646475,23183865,2021
兵庫県,兵庫県第７区,1051354,555516,15044,21839,13749,2234922556,2.87,196495339,8619202,64224352,24190942,706512,42900104,2021
兵庫県,兵庫県第８区,451844,232070,11342,5072,5072,647677283,0.8300000000000001,79238902,12190178,46943697,11691354,384750,18230385,2021
兵庫県,兵庫県第９区,434370,224832,4384,64513,33579,591935747,2.02,59588644,36971710,25975490,13338010,362892,19856071,2021
北海道,北海道第１０区,338337,179165,1273,923751,282815,383107166,6.62,35927136,113083440,28420091,22096920,104771,35939900,2021
北海道,北海道第１１区,338138,176089,1950,1082804,394253,474116295,5.53,46532622,71286594,27345436,20280684,203387,35144315,2021
北海道,北海道第１２区,342615,176969,2859,1531660,416114,477773702,6.49,44924289,108258199,25486516,21339005,117779,54689615,2021
北海道,北海道第１区,167220.98457184434,89244.10833025655,1529.1973826564688,8700.2324558219,3596.444408741849,238108962.54363644,0.5126907175140283,28059905.163410474,9007916.648707936,18926118.960381668,4228447.451937009,144059.21686489135,9251941.425367119,2021
北海道,北海道第２区,117214.63406367454,61600.626277762414,1183.2846960996803,2614.65528337476,2603.4522353343436,166904022.1434794,0.3104008045442538,19668772.57667073,6314157.618183056,13266385.877746075,2963957.6755591338,100979.24271617348,6485208.36861257,2021
北海道,北海道第３区,54882.85477780541,29109.548512875335,321.9734161564886,1252.8225280630122,850.0835126616336,78148682.3919624,0.2054287375339153,9209416.534088187,2956448.2146031684,6211657.233508419,1387799.910605924,47281.03412884363,3036538.500005228,2021
北海道,北海道第４区,263147.87861495215,140788.51033255423,4299.010624783403,432657.34828619816,88483.34478820208,310945256.1077174,6.704339992039008,37935360.594188936,51376603.6685673,24641594.65469776,12030146.74709469,117820.50701190026,20315432.24247975,2021
北海道,北海道第５区,427833.0955030693,219811.12468479158,2547.5727944163887,242049.43544206937,98727.326338371,526482902.6127074,3.707739078224215,55436520.148091234,35575326.6981927,31126168.089327727,12260261.49402333,334951.75726460794,20348705.284023743,2021
北海道,北海道第６区,493303,261727,2644,1061869,281426,584564473,5.180000000000001,57856161,97933628,46618106,22462885,248637,40894534,2021
北海道,北海道第７区,303645,158582,2158,943541,317907,384633025,3.7800000000000002,38303279,69312645,29586217,14211422,141801,33654655,2021
北海道,北海道第８区,429171,230502,2362,656773,123280,491508214,4.58,50638083,82998238,38735306,15628896,211481,32657299,2021
北海道,北海道第９区,456114,235751,2770,850818,191641,559207656,6.07,66673637,77882402,43632979,17421612,258757,40272560,2021
千葉県,千葉県第10区,444765,224284,12374,106533,87543,618019649,5.8500000000000005,71583808,38517481,20696234,12114014,256078,30938137,2021
千葉県,千葉県第11区,446850,224722,7543,122876,80923,562534333,9.85,55964964,42594212,18644508,14893620,231973,18669544,2021
千葉県,千葉県第12区,448885,224202,5851,133472,62303,634263809,5.640000000000001,74693767,23894742,22634088,11906608,330618,22904594,2021
千葉県,千葉県第13区,2424203,1215930,61847,68647,61638,4303888335,8.68,390900218,22629549,129209370,42981631,2434854,91464247,2021
千葉県,千葉県第１区,89446.25840156052,44715.868107393326,3060.455816644292,1618.6510776311927,1501.898941811836,161888743.4938101,0.49532159405287024,18689690.60265837,1212194.6282224033,6964941.196123225,1620003.3686653988,88793.07476411044,3079081.319718117,2021
千葉県,千葉県第２区,394172.4726775117,198103.0069210825,10195.579280406619,7860.994893953377,7212.605897754039,713378323.8411564,2.061832465725702,64496229.862611026,3027302.5057120053,19935930.74859118,7510131.040699014,378518.16945982986,15439519.07849827,2021
千葉県,千葉県第３区,288385.8232347902,139771.7929735967,5828.352430590507,37713.72162456836,23963.522203726916,448931494.3200647,1.1572329550330955,53090611.199933045,251341.89667288892,16784253.214806054,6067212.253938052,249861.5565466488,7034402.0747269625,2021
千葉県,千葉県第４区,1243278,621336,35918,17124,16424,2273647208,1.92,200334696,6887880,72528280,21339780,1194292,54917256,2021
千葉県,千葉県第５区,1106554,547825,37961,13220,12974,2359256620,3.66,209726976,648038,58207906,20555116,825994,32273268,2021
千葉県,千葉県第６区,1901600,944740,66614,23766,23144,3646523354,3.9400000000000004,306262958,13681478,109736530,36619544,1506914,44372184,2021
千葉県,千葉県第７区,1300153,651652,38250,26163,24747,2251014134,3.6,189105375,19202367,75907417,25222481,1150259,34130288,2021
千葉県,千葉県第８区,952378,480951,19894,27263,25022,1680709397,2.7300000000000004,153272111,9970511,46594331,17184801,927598,25757607,2021
千葉県,千葉県第９区,355174.3115122862,178009.24124931262,8206.557951351106,22619.47547688399,18277.323561666188,567627658.0828272,2.5456129851883325,48235088.13218142,8314880.159693738,16499054.647719458,6856197.139245621,300240.9289286386,8445627.828339964,2021
和歌山県,和歌山県第１区,365394,191881,3441,20884,14726,493278106,0.8200000000000001,58987486,10964167,32713200,10077324,307107,17850772,2021
和歌山県,和歌山県第２区,290654,152703,1564,99637,39622,343295029,3.5900000000000003,33408605,43049691,14605542,9315586,191621,12029137,2021
和歌山県,和歌山県第３区,302007,159372,1538,351942,57157,316867329,6.27,33753354,70002598,19389778,13867198,151024,25171806,2021
埼玉県,埼玉県第10区,384921,192324,8379,40588,29825,561770889,7.52,55854694,14008528,16743225,8173561,309546,12179732,2021
埼玉県,埼玉県第11区,795112,398405,14752,165162,77939,1127560433,8.63,118331982,39732878,38740043,18691724,553942,30118324,2021
埼玉県,埼玉県第12区,867721,434913,15088,71395,70311,1283880900,5.45,125664314,34315159,41336340,18348438,713735,25686015,2021
埼玉県,埼玉県第13区,1583631,794764,27428,48545,48168,2475190873,7.42,219666538,37727374,79384965,29586478,1554944,40627663,2021
埼玉県,埼玉県第14区,1184059,590293,24139,45679,45508,1791817113,8.25,166824489,34229446,62667029,23631285,1125474,37013674,2021
埼玉県,埼玉県第15区,1369956.440042989,673771.1619090559,86828.7884460037,15055.339781704099,14930.496944890618,2457058093.7021837,4.2628291894058234,239698874.06327158,10743729.672702448,90966939.78499384,25036417.248013046,1469012.9814838427,56586675.83065734,2021
埼玉県,埼玉県第１区,81298.28250251267,41057.151496009494,1446.521493786457,1591.5018230463113,1541.754547048528,156923879.04336447,0.5467396198294837,16875116.047717374,408067.1278551494,5841908.663911216,1358390.8447005555,100803.71787957379,5199976.70439163,2021
埼玉県,埼玉県第２区,1135700,559020,71976,12390,12268,2004943524,1.94,192507470,9117248,74731002,20442940,1204414,49224440,2021
埼玉県,埼玉県第３区,914673,456909,19705,14794,14768,1506936693,2.7800000000000002,134640434,8902295,46302362,16001153,1016065,20847698,2021
埼玉県,埼玉県第４区,452839,224735,11589,6121,5971,834485660,3.79,72932055,4178973,24611828,8881592,507303,13867398,2021
埼玉県,埼玉県第５区,80475.29953770239,40457.62393035948,1485.701207484431,1341.1182467445044,1312.191642166302,155335337.7452055,0.5881302542715172,16704289.154344337,403936.2620559431,5782770.990095931,1344639.8466433918,99783.2812842267,5147337.311363957,2021
埼玉県,埼玉県第６区,644374,324030,8500,24035,23544,1003159464,4.85,86285039,20265484,27224030,12093269,593721,16367685,2021
埼玉県,埼玉県第７区,676860,339107,16006,15818,15437,1117118593,3.43,105595802,11532365,36346653,12944812,730040,22546830,2021
埼玉県,埼玉県第８区,599511,301606,11717,11672,10807,1018427495,3.67,94007727,8713814,32051534,11544017,609453,18104578,2021
埼玉県,埼玉県第９区,474252,237218,7121,40867,19674,707783615,4.68,68517710,11061464,19491141,8662638,370009,12981791,2021
大分県,大分県第１区,951906,494776,6288,100478,49710,1332212798,1.82,157222636,18326490,67466330,23984218,833432,40362322,2021
大分県,大分県第２区,1261119,658240,8528,490247,134243,1642709328,5.01,191112978,86759221,93667801,42331195,969437,71065073,2021
大分県,大分県第３区,362282,191119,7386,194065,70505,401090594,3.13,42876141,52722871,30458912,15643322,223068,23318043,2021
大阪府,大阪府第10区,380103,198319,3284,12210,6286,591687559,1.6099999999999999,55401786,10635430,25716346,8861571,322995,21474769,2021
大阪府,大阪府第11区,475605,246866,4875,9067,7534,717333360,1.52,66003032,15855001,30107971,12804796,408855,13021316,2021
大阪府,大阪府第12区,403797,207383,6248,6166,5055,542317718,2.07,52365077,20878112,30443259,13343065,304235,10907540,2021
大阪府,大阪府第13区,472246,242392,17971,6178,5169,657177116,0.76,77047930,20023576,49042291,13176684,404338,22103502,2021
大阪府,大阪府第14区,502957,262570,10386,10239,8776,704723965,2.58,68362193,28705737,39107901,14047749,443446,13592989,2021
大阪府,大阪府第15区,428844.19260566926,224533.73062572925,3988.3140423320638,25527.16068967778,13146.114355821965,597195778.2134874,3.9484571003276954,50590113.582825735,28680242.791948095,27434969.434621133,12334726.375261653,329254.88343015773,11077913.133328581,2021
大阪府,大阪府第16区,63497.361994631094,32897.221177930405,1266.0589815099238,814.8400363755128,814.8400363755128,92851049.26542133,0.3881454316313981,11388475.921713136,2262629.6839049123,7295383.794655052,1667643.171324994,69160.17911855143,3583300.6639710264,2021
大阪府,大阪府第17区,65093.02960670494,33974.20140572659,984.9914536971047,1433.5729543934117,1364.7618800166579,95184365.2868402,0.4033974680409067,11674664.538189786,2319488.816179246,7478714.365770176,1709550.4902023422,70898.15144366992,3673347.81922615,2021
大阪府,大阪府第18区,524301,272079,6974,18730,13381,716440095,3.52,72382163,27053004,40652580,14221819,451488,15823773,2021
大阪府,大阪府第19区,368371,190748,4466,25763,13731,474049012,5.59,57859868,18606196,22562770,10362576,296046,13232676,2021
大阪府,大阪府第１区,14683.164895303367,7658.210642770304,1106.3797708746197,111.39179291405527,111.39179291405527,22952606.381822497,0.16997667846195816,4201746.0002548965,248661.28405114426,2260206.876971921,423362.8946370934,14396.37500534913,692545.2334326953,2021
大阪府,大阪府第２区,28302.15907151563,14830.09067460556,1981.110699696587,216.89844265676166,216.89844265676166,44241709.573936075,0.18824490486481077,8098968.071614896,479300.7002457567,4356603.976235004,816042.3229210605,27749.364551842045,1334897.8575526038,2021
大阪府,大阪府第３区,19366.09450461522,9728.957416656545,801.8712488120956,200.9597732572195,200.9597732572195,30272924.637643322,0.1549744374988601,5541816.8157570185,327967.2986655466,2981058.9400532027,558386.8250306135,18987.83817150011,913419.9973241725,2021
大阪府,大阪府第４区,22383.852764649982,11645.848594712414,764.5394663675095,139.7251527638351,139.7251527638351,34990260.306891784,0.16656237036853078,6405380.889936495,379073.42253235803,3445588.080807531,645398.5068712211,21946.653923875594,1055755.3939189296,2021
大阪府,大阪府第５区,26885.48900763945,13566.530459054013,1089.5521771878105,268.80783673526406,268.80783673526406,42027182.216863215,0.17832136148112332,7693572.653323531,455309.21069482574,4138533.3188798316,775195.1661081461,26360.364724908482,1268079.2862786367,2021
大阪府,大阪府第６区,268418.39605093794,137139.94953971976,5665.6244316587745,2557.8450731989738,2557.8450731989738,360669729.11234325,1.4919202473247168,42303233.42596091,14203784.320118254,30766153.060801636,9321406.519280357,197257.92242005857,7715210.985941299,2021
大阪府,大阪府第７区,450775,233060,6795,5096,5058,827350809,1.99,85639397,1169164,28944166,11363609,371913,16040164,2021
大阪府,大阪府第８区,401001,210349,5592,3639,3637,761212340,0.92,68896184,5624269,30386429,9659746,308319,10139971,2021
大阪府,大阪府第９区,545529,282577,8320,27962,11750,948102607,3.68,91576737,9459685,33548240,15602309,466517,29589974,2021
奈良県,奈良県第１区,826577,437832,7897,60703,32231,1399765451,2.37,121694299,30553602,51463123,18423266,556047,22180879,2021
奈良県,奈良県第２区,1163478,613199,10742,89380,52218,1803810414,9.370000000000001,158589115,65706352,67356899,27246600,846357,38884788,2021
奈良県,奈良県第３区,421670,221029,3930,302090,44364,512306765,6.28,48073160,65453188,26848422,13072956,257066,21935120,2021
宮城県,宮城県第１区,177224.11311686557,91928.84272393498,2539.335493311435,18169.96457470787,5666.723089981728,294083318.20026,0.6436228662991974,36141435.81532882,4452261.373039286,13438864.879350353,3682595.5852489807,187655.78446468787,10271432.48830695,2021
宮城県,宮城県第２区,93976.31113020648,48200.97573692343,803.1718744939039,4662.266135531799,3074.7418962715133,155943031.24635628,0.4639526075019387,19164654.048143215,2360892.615949124,7126202.664678175,1952763.325484226,99507.89469945,5446613.9979356155,2021
宮城県,宮城県第３区,437869.46924746264,222731.62291583707,2828.6062082381477,194737.4203211959,76651.05852327614,582861712.9762912,7.0951509476022725,64001420.57884273,40651760.17129713,30386950.579611152,11301443.831829365,424100.6631228606,48073412.21370936,2021
宮城県,宮城県第４区,287138,145316,2156,100008,37003,381279638,5.81,38349460,25507887,16408272,6759654,249607,16416455,2021
宮城県,宮城県第５区,525599,268415,3623,277088,131521,631855930,4.99,66984116,108647813,100350613,24892908,388703,107047310,2021
宮城県,宮城県第６区,470907,240672,3046,326703,151488,537615825,2.12,54380666,98010939,43303536,16925958,253362,69313413,2021
宮崎県,宮崎県第１区,427699,226003,2398,86949,36362,534952718,1.45,56453246,27817481,34921399,14195709,305252,15901622,2021
宮崎県,宮崎県第２区,333612,174327,1287,433993,70461,336396494,5.66,39226158,55857075,27719148,18041735,193776,27835093,2021
宮崎県,宮崎県第３区,335982,177224,2777,252593,78168,338393829,2.67,36714458,48838431,26921624,15637592,196513,21892043,2021
富山県,富山県第１区,819180,420238,15288,248354,94152,1281662790,1.6600000000000001,149787940,34727522,43205322,22081654,595430,45534314,2021
富山県,富山県第２区,1020577,524003,17551,401010,165509,1566368366,6.0200000000000005,181428791,57221210,52750594,28803078,715284,59955169,2021
富山県,富山県第３区,434044,224088,8355,147930,65851,605718261,3.4,63778508,47390380,21135977,12286570,253884,27766305,2021
山口県,山口県第１区,780697,405303,7884,354841,87592,1095934536,3.6799999999999997,122823499,49188466,41582584,22672349,612550,49240311,2021
山口県,山口県第２区,609589,316886,6676,277620,71725,824904624,6.13,99258120,53539050,48604505,18387037,454299,53761292,2021
山口県,山口県第３区,681891,357706,6683,375310,95999,918443079,3.5,97574381,65958390,38234227,20503726,458731,42917739,2021
山口県,山口県第４区,293081,156653,4797,107341,33071,375885181,0.89,37132596,33723082,18536221,9127172,176372,13975954,2021
山形県,山形県第１区,362962,188273,2090,82784,37713,495518196,2.7399999999999998,50555577,20370549,18172670,9658097,277445,16302778,2021
山形県,山形県第２区,379297,193724,3104,428679,121650,438079749,6.140000000000001,45661481,62747767,19135739,13917278,238321,27848279,2021
山形県,山形県第３区,345866,179971,2064,420851,129116,392800815,3.7800000000000002,40793459,66201936,19260128,14445864,165589,24465425,2021
山梨県,山梨県第１区,504878,256925,11515,239549,56661,725506095,6.4399999999999995,76039145,53203650,27827814,16500004,352360,37525176,2021
山梨県,山梨県第２区,312187,158899,4189,206508,38777,427149597,8.67,49143778,39944404,16216990,8320720,170623,20728590,2021
岐阜県,岐阜県第１区,801178,416866,18622,40720,28592,1279454894,1.7400000000000002,133001212,14584754,49825748,19253766,620052,36311210,2021
岐阜県,岐阜県第２区,363217,185626,9314,143297,45294,513724884,6.97,56606029,25279129,13650504,9724125,285773,21757037,2021
岐阜県,岐阜県第３区,1297891,668955,30721,178622,66607,1999144573,8.65,205067861,46604619,70587861,31009461,1053002,56041459,2021
岐阜県,岐阜県第４区,400303,204932,15793,604291,83814,551010267,6.83,59629752,58582949,18930095,13545074,293558,30193045,2021
岐阜県,岐阜県第５区,329776,169325,6999,156282,39697,456517738,3,46245512,33562752,15091131,9214512,240198,24515709,2021
岡山県,岡山県第１区,343057.083639393,177217.49976372242,7678.416785044849,97292.52229268258,31522.411329833456,511519093.4152974,1.6091494725049016,61220780.5561728,22931304.964196958,28985838.58812525,8653869.355856106,358353.40626914153,18733060.86641176,2021
岡山県,岡山県第２区,472309.1907126391,244354.57782437897,9086.293361964335,71855.01870255596,35253.93448862779,691830191.0716352,2.5728068197324103,81561251.13599968,27669264.24310449,36718458.52819241,10542202.487447226,477643.2419460561,23947118.135020643,2021
岡山県,岡山県第３区,387821.22043765214,201895.5692034788,3761.6712682145603,422697.6240902595,100105.77232895012,439788550.6996213,4.766464166959919,49745482.54547805,85739215.41735311,21970394.79461622,14291861.372803096,231418.670723327,31044768.541803904,2021
岡山県,岡山県第４区,965439,494384,12193,71888,51891,1347599696,2.4400000000000004,167957840,31165874,74867590,30768345,961817,49757203,2021
岡山県,岡山県第５区,1340936,688826,17346,500715,151605,1774457296,6.46,212945693,117980059,94911365,45890647,1173067,79379393,2021
岩手県,岩手県第１区,348961,183711,1636,119277,38880,499554364,1.88,49675289,19217162,22745918,9245507,212680,17068868,2021
岩手県,岩手県第２区,444077,229155,2868,965270,162116,469306300,7.0200000000000005,48591728,130527844,69338213,27107013,196598,146736766,2021
岩手県,岩手県第３区,449974,231417,2626,442955,170406,514699971,3.1,55714932,70035414,26028197,18045575,241921,25102706,2021
島根県,島根県第１区,691463,357520,11716,406273,106081,885667722,3.2,89923509,117019704,47091566,27911413,400662,48137118,2021
島根県,島根県第２区,613928,318638,11826,617795,126974,740497348,3.97,75428359,126132718,41620744,28638080,329018,46438972,2021
広島県,広島県第１区,43067.05256123662,22402.237986968023,915.6757800452185,882.7528214853464,628.8110048761588,70930415.63808261,0.2743831901243128,8569379.807988439,1631731.5318493077,4608832.585744949,976667.9663536388,43768.778348433225,1917292.4318510047,2021
広島県,広島県第２区,234031.61965536373,120946.8634751999,3913.7015474730892,80162.18386661807,18861.732566606428,334160205.2409347,2.338220716070593,35561370.3706963,25247783.735460732,18196320.64947311,6325070.777085429,194901.1502119722,27053462.88195756,2021
広島県,広島県第３区,119951.33811263171,61793.49821445413,1889.8511101991503,159300.1434894061,28267.00724584116,170036229.0393702,1.1319452721481182,20619714.39809882,20610791.218620475,11362074.366463518,5136809.67330009,92542.91612138989,6888070.623868321,2021
広島県,広島県第４区,760945.1302492627,387436.7740424198,22456.076588575055,276478.5317230709,98437.44262930233,1077652725.1139126,6.435450821656977,120580322.37759422,64756956.45813021,52510511.19195363,25913729.676456105,651439.7236841551,37535111.92470603,2021
広島県,広島県第５区,1208023,620837,31003,397064,153832,1637875126,6.69,182162031,128735086,80504690,40176808,894799,67682533,2021
広島県,広島県第６区,698054,364434,13503,486525,133504,870090646,4.44,96184612,109872428,46501326,28271868,423123,49469720,2021
広島県,広島県第７区,460550,236480,9410,51814,25524,631735029,0.8200000000000001,73640340,15910611,29122730,11892559,377002,18488346,2021
徳島県,徳島県第１区,432062,225556,3143,215991,49466,567336730,4.220000000000001,66057457,38907644,30314719,14590536,214816,27445487,2021
徳島県,徳島県第２区,312459,162520,2855,198684,51564,355207608,5.72,35681091,52610987,18723742,11597608,144453,23409400,2021
愛媛県,愛媛県第１区,1019978,540486,6476,85880,48064,1333760998,1.52,138803996,42744584,79876742,27305722,742374,31082090,2021
愛媛県,愛媛県第２区,1268979,671454,10287,164162,79211,1622730588,3.98,172084431,74178614,92426647,35954538,913437,45465429,2021
愛媛県,愛媛県第３区,313788,162268,3268,116576,30959,401639703,2.2199999999999998,49852908,19990670,17865035,9205965,232850,21955855,2021
愛媛県,愛媛県第４区,297075,156625,1591,329826,81189,292162615,3.32,30858484,80058566,24653377,16886259,109423,29319888,2021
愛知県,愛知県第10区,961266,489191,17552,29311,29311,1463326407,5.36,130931512,24879255,40666329,19901077,894144,35316010,2021
愛知県,愛知県第11区,876160,418260,36622,186883,61614,1750774964,4.48,249975002,7946292,36710332,18822392,803453,80685181,2021
愛知県,愛知県第12区,538983,265837,21137,54842,29170,977928961,1.99,102182378,3439489,21021521,10466573,522164,26269512,2021
愛知県,愛知県第13区,509579,245282,25477,20254,20204,1006349800,5.86,118339182,477006,22149454,10551826,493356,34884495,2021
愛知県,愛知県第14区,1170426,566884,45948,316385,89342,2171876455,7.13,293818013,25797659,49274434,27257663,1081474,96828621,2021
愛知県,愛知県第15区,421008,209173,18747,45298,35703,700803154,2.08,83060410,2964344,20961770,11719184,376338,25201797,2021
愛知県,愛知県第１区,25664.902130053662,13007.043143785178,1123.2091819613424,299.48678813161484,299.48678813161484,51509967.063498415,0.20228860694001857,6770228.311146223,86618.87928624552,2304672.259118935,604798.5993389713,25558.742623920803,1392996.7875359321,2021
愛知県,愛知県第２区,35275.43285794788,18069.065274218745,1062.0555465606087,528.7734833690467,481.3777080192011,70798492.64399849,0.2163591992828967,9305421.583632477,119054.3585558671,3167684.4557659365,831272.6958962379,35129.52065022365,1914621.1585400705,2021
愛知県,愛知県第３区,42188.09079298346,21262.158169306207,1029.624924585662,618.1646823009899,584.478710317586,84672334.07735248,0.22310749584599285,11128934.185390823,142384.53453658114,3788431.454874854,994170.8755048503,42013.585281114516,2289814.886068974,2021
愛知県,愛知県第４区,23054.007078319657,11485.740753772527,1054.750149924156,469.08789761559535,468.8976318767248,46269848.96604482,0.1952515198193855,6081491.782672105,77807.12531308783,2070217.5408928313,543272.3304169991,22958.647197599443,1251286.9769460047,2021
愛知県,愛知県第５区,194978.8185917712,97059.97168581685,5051.315005350235,4593.588829723244,4593.588829723244,329614256.41581404,3.1529931781117067,37720565.69052343,3880994.457051799,9201747.833329065,3894560.8547495236,225526.84382749346,8414517.99280567,2021
愛知県,愛知県第６区,520194,259857,18959,23049,17268,876752190,3.11,96586996,2855814,22936148,10431635,488919,19617302,2021
愛知県,愛知県第７区,552597,277257,14791,26380,18396,1003286994,6.890000000000001,94013185,5561165,20785489,10614058,609156,20563190,2021
愛知県,愛知県第８区,528782,261351,13099,35854,32147,869793143,8.23,105757981,5337848,20614294,10956343,575230,19971150,2021
愛知県,愛知県第９区,1218756,619003,23974,51537,51528,1848035547,9.68,171668295,37262158,51624126,26487616,1112906,48524997,2021
新潟県,新潟県第１区,149682.17812390046,77725.16898461882,1198.5210952911423,8564.978140667454,8339.567779935753,214139802.99982107,0.8180763177650106,25307230.48255075,10223918.237543806,11941483.590467405,3402792.962430887,154720.82147402383,8239169.6044131275,2021
新潟県,新潟県第２区,1112053.8433276892,568480.1700300154,9121.067424907369,423917.51030217425,196476.2735433357,1463397522.0084229,5.733387834530099,161266486.36348835,120895289.06741601,64660701.91001785,36303811.36577993,834901.5331599395,78711152.52346602,2021
新潟県,新潟県第３区,323976.55737042736,166802.9020960012,2036.4279394000212,383694.58096870035,118276.98700685034,364532958.1898377,3.9530479472500226,40722905.68109786,55375322.42823712,15926898.79806079,10441501.476892456,212278.8561631704,21109161.73881474,2021
新潟県,新潟県第４区,1008350.0223737744,515483.2090031133,8097.62014630472,338593.8911021885,165401.25012670513,1327023663.4527514,4.0884225307744195,140402762.47504914,98998694.00060692,57785445.8498046,29417512.92530821,757979.7380143655,70991046.2106538,2021
新潟県,新潟県第５区,941701,480293,8671,471697,186520,1232584408,4.08,133915710,104956190,51787626,28616713,683359,65406195,2021
新潟県,新潟県第６区,328945,167891,2622,292636,93820,404598483,2.14,50316613,53804647,18558567,12737082,194194,25118811,2021
東京都,東京都第10区,1723216.1479637825,875273.2147695622,92243.66221460055,10824.534845097845,10824.534845097845,5259366195.047311,10.731994934244327,237709389.4453167,0,120466343.18341193,45783338.76905059,1230720.0067401803,93149697.24336566,2021
東京都,東京都第11区,657424.8861128888,333383.28772275354,32569.936788473155,3921.6837823708097,3921.6837823708097,2006502913.688821,3.6514746577009403,90688604.83272131,0,45959163.06922589,17466819.999149345,469532.4850710615,35537578.48313573,2021
東京都,東京都第12区,1903267.7009277453,953140.805909222,105550.69078947368,13328.084622682327,13328.084622682327,5808895081.567668,10.957848090426442,262546636.22617975,0,133053360.8919524,50567045.82459521,1359312.7249196328,102882514.3752206,2021
東京都,東京都第13区,972125.0972048206,482687.96733849525,46927.40068144329,7881.423346643711,7881.423346643711,2966988139.9600086,4.440238505151386,134099987.1630055,0,67959179.53500102,25827945.440167706,694291.1993936123,52548926.37485291,2021
東京都,東京都第14区,195536.56761589495,97045.0653849794,14330.143171821059,1046.3725493730904,1046.3725493730904,596790144.3065138,2.784476658764569,26973330.163561217,0,13669541.854721472,5195121.301221719,139652.10696205928,10569870.816815447,2021
東京都,東京都第15区,269431.3261654843,135989.7960537583,16238.377047259353,2212.7213023138424,2212.7213023138424,822321686.3397782,1.6529292596965954,37166757.122093394,0,18835365.8596839,7158397.218715126,192427.70208846132,14564305.522467084,2021
東京都,東京都第16区,988518.91329851,488911.05681623565,53297.43492036308,7447.611320431581,7447.611320431581,3017023118.0286946,4.47752183593081,136361435.3387985,0,69105236.03984621,26263505.21415299,705999.6536563953,53435105.98011894,2021
東京都,東京都第17区,1207389.203096691,598164.4479317835,64147.53988381212,9175.762049197321,9175.762049197321,3685029278.8489532,5.967306946935759,166553540.3844266,0,84405988.34224087,32078569.468368076,862316.6919187966,65266298.053358935,2021
東京都,東京都第18区,516519,261158,11334,5171,5166,1185558442,3.79,115091896,114950,32840616,25331730,375485,22519972,2021
東京都,東京都第19区,507831,258766,12271,4772,4750,1007545110,2.9,86812722,4083933,30334913,24172192,460360,16059157,2021
東京都,東京都第１区,338126.93043487077,173191.50703414428,40348.92340748686,2413.6938958545534,2413.6938958545534,1031985076.0832407,3.8586895286683913,46642985.72391366,0,23637728.14539392,8983539.19288148,241490.06414289173,18277696.177031618,2021
東京都,東京都第20区,491556,250342,8977,6899,6420,803628773,4.04,70679084,15114307,35881975,28348095,482636,13658277,2021
東京都,東京都第21区,2005804,1004785,43029,51078,34726,3601496069,9.26,356897622,11946029,131978373,102077663,1756494,77154921,2021
東京都,東京都第22区,673623,342083,12396,8033,7502,1450867050,5.2,126107427,3386498,39689328,37352263,553796,33764661,2021
東京都,東京都第23区,714651,364150,11524,11357,10514,1311810755,3.24,126882143,2612814,44695874,34146264,650722,21405515,2021
東京都,東京都第24区,1099048,548574,25872,37276,21620,1874255488,1.9000000000000001,181205828,9376748,74508766,52658964,947760,39831676,2021
東京都,東京都第25区,487816,242948,11527,59004,14919,761850778,6.57,79266968,14690415,32657224,33915490,427363,18947100,2021
東京都,東京都第２区,280173.31740069046,145270.27858501367,21023.13077333898,1954.6041634742792,1954.6041634742792,855106932.4835632,4.083210895881595,38648563.20948706,0,19586315.41650104,7443796.252583715,200099.62620605825,15144971.64060479,2021
東京都,東京都第３区,1474758.578760332,742390.5391762288,49956.526281987724,51809.894234322746,28163.894234322746,4460965659.236761,9.338453231898036,203331702.94869918,11011613,103117237.84311685,50127369.24330066,1039841.3725718728,87403594.33092898,2021
東京都,東京都第４区,1121085.6721703426,562872.1562699993,38462.79027816587,9668.546355720608,9668.546355720608,3421625367.735653,4.768311534960024,154648382.88708144,0,78372693.6874764,29785610.574015092,800678.7585179954,60601098.167481504,2021
東京都,東京都第５区,1939624.6842555953,1021649.877736815,48300.8662081647,12503.362417861747,12503.362417861747,5919858926.291581,7.826917009942221,267561907.42077073,0,135594999.58066922,51532997.82445696,1385278.8620285362,104847817.44742839,2021
東京都,東京都第６区,1775056,934646,42758,11610,11610,5417584748,6,244860448,0,124090356,47160648,1267744,95951938,2021
東京都,東京都第７区,1450354.318738113,747463.794690421,54971.3293338351,8554.842219062384,8554.842219062384,4426574393.36648,10.976222721987362,200069410.90588078,0,101391158.2160506,38533798.08934926,1035842.241289475,78399953.39278966,2021
東京都,東京都第８区,685168.2157633336,356760.6447120541,22020.91206136595,4232.210048584382,4232.210048584382,2091177334.9876335,3.72772464643369,94515663.88168629,0,47898639.712750964,18203919.788672935,489346.75555287924,37037264.26574373,2021
東京都,東京都第９区,1144877.2960402376,587376.4392785354,31566.92597867335,7722.67745919002,7722.67745919002,3494238929.565643,4.818642341424721,157930323.10723788,0,80035915.05955331,30417719.30674043,817670.7229469013,61887171.63135164,2021
栃木県,栃木県第１区,1176084,586183,20806,103727,86686,1950332131,4.63,212036510,24976460,90402033,27868763,1025351,84699543,2021
栃木県,栃木県第２区,1760083,880533,35104,414123,202204,2696395510,7.52,293864156,69747056,118590797,44115570,1492272,105723742,2021
栃木県,栃木県第３区,285921,143243,4094,185703,81429,373059081,3.77,45180636,24305341,15994357,9575869,192503,15870290,2021
栃木県,栃木県第４区,955579,478479,26009,197060,150250,1372587907,9.95,149555074,47249737,49368455,25516324,821603,45696772,2021
栃木県,栃木県第５区,731596,369651,20236,152830,97896,992680082,3.7,104903783,41036308,37028651,19544663,608205,27465238,2021
沖縄県,沖縄県第１区,329962,169646,5120,19472,12171,426207415,1.6900000000000002,50040802,16683962,39989706,22686894,96157,23413587,2021
沖縄県,沖縄県第２区,366233,187459,5162,14658,12559,422029600,5.3,48443685,19529111,35442462,21800853,163064,25092072,2021
沖縄県,沖縄県第３区,393049,198047,4546,96215,41053,364385645,4.42,41786295,51256209,58454503,32042892,159969,49030058,2021
沖縄県,沖縄県第４区,369442,185123,2664,97744,51110,363140177,4.21,36444106,48786341,33776034,29400764,169831,35501123,2021
滋賀県,滋賀県第１区,387091,199871,4822,115756,24260,596565921,1.21,56699218,20450060,24901668,9955485,317111,19530568,2021
滋賀県,滋賀県第２区,528812,267459,14115,210019,70197,736995610,5.33,82538026,53485615,28610922,16150644,446945,29853317,2021
滋賀県,滋賀県第３区,332431,166984,5324,25639,16989,545067735,3.64,57933690,5525342,18408724,7958195,363356,17634043,2021
滋賀県,滋賀県第４区,475835,238937,14733,166836,68744,674337135,5.14,75976356,38887323,24669675,14368024,411255,28918406,2021
熊本県,熊本県第１区,119420.28142844194,63065.860409130735,1083.9345736894002,4182.357412610652,3633.236074146706,164596837.05226493,0.49483678441260237,18602973.965583414,7556420.3228068035,14314484.7290234,5384880.900647828,110045.45691084398,9346365.978592403,2021
熊本県,熊本県第２区,193432.6274619667,101624.8822032525,2029.3369409677305,45221.00814361324,31819.267430490898,211458457.76882115,2.6151632155873976,22207869.460650355,25381094.57136018,15840105.263797719,9076420.265350858,121399.26959859283,16737624.208037069,2021
熊本県,熊本県第３区,385276,199465,3119,262980,105928,421166516,7.18,45663665,61195898,51269408,30876495,289229,45405968,2021
熊本県,熊本県第４区,492407,260213,4441,396796,111626,481777389,6.17,51969851,101900847,39852828,28923462,199630,53523234,2021
石川県,石川県第１区,448037,231573,5617,46864,19224,738595297,0.8700000000000001,82079625,10128462,30669814,11371564,358448,33702075,2021
石川県,石川県第２区,392026,200386,6787,154419,47874,569781018,4.15,64128720,29355331,24374517,10801152,341077,27664188,2021
石川県,石川県第３区,290674,151300,2807,217323,72084,346475740,4.58,36609107,61676045,16250150,10546560,157385,24139953,2021
神奈川県,神奈川県第10区,54176.46550605987,26196.337718432656,1931.8008277361507,481.53546207182376,480.7171594489872,111679611.2764278,0.24306211118493617,12232179.845523058,317766.92789373273,4424803.476916643,1047254.3165908036,58557.506743772734,3493217.003572152,2021
神奈川県,神奈川県第11区,442839,222265,6175,13287,9687,686495348,1.44,65824897,15047693,26817930,8602381,347426,21593508,2021
神奈川県,神奈川県第12区,475077,239323,7037,8290,7689,914944644,2.1100000000000003,91312481,67389,24582404,9924584,461183,17197759,2021
神奈川県,神奈川県第13区,698597,346404,18760,11096,10576,1166606194,4.73,110986463,5282682,42958953,13743334,738993,25012082,2021
神奈川県,神奈川県第14区,74808.4680919473,37250.1155971717,1558.8870100957606,3170.4371851927385,1418.312941716937,154210514.81771603,0.2816680207353416,16890556.205930747,438781.9852026977,6109899.688436319,1446079.776431228,80857.93958440355,4823537.4956445815,2021
神奈川県,神奈川県第15区,555625,281209,7147,12978,11540,946129781,3.56,89236553,4448784,25925064,11236573,564793,17867427,2021
神奈川県,神奈川県第16区,668475.2342928033,327902.0365773968,19436.133850510818,31908.252610556694,17350.147281008172,1131101009.673907,6.186203926031669,125382599.37986708,3911724.5607827627,39410910.8859847,14030076.31762726,640619.8087894125,27732466.494702693,2021
神奈川県,神奈川県第17区,498257,252523,7864,73885,24384,768926777,9.42,86031836,9276950,26790841,11970548,378570,23373226,2021
神奈川県,神奈川県第18区,70476.44555711976,35168.39773930834,1345.9149343358924,547.6866284896049,520.6807023833801,145280463.95132738,0.3132954961592692,15912454.769340314,413372.9172688623,5756086.493073066,1362339.922662818,76175.6031413042,4544215.198828733,2021
神奈川県,神奈川県第１区,22873.79518614881,11471.253846486987,984.442880230159,330.62307579714627,292.4771970997713,47152144.95711221,0.13149913767205446,5164537.292218434,134164.07950717906,1868192.1665530107,442160.27239408693,24723.510538330782,1474867.9068320608,2021
神奈川県,神奈川県第２区,24756.3685317181,12499.020245519512,816.6603074777483,200.16981145004857,189.5021390995827,51032890.17496009,0.13254564088563767,5589592.258803801,145206.1351851979,2021949.2824374686,478551.22267167014,26758.320309494055,1596253.404386876,2021
神奈川県,神奈川県第３区,36290.730783188934,17709.3408319683,1436.2537754943173,406.20363794944666,396.57130158343807,74809876.74160275,0.13619324697993346,8193866.866707522,212859.84466267112,2964005.6849286114,701515.3925218373,39225.42182703532,2339971.7323699347,2021
神奈川県,神奈川県第４区,270947.05903629784,142664.76566169554,2175.9872542118665,7459.970453892591,4409.678409786134,598785804.1993017,2.8819337690474156,52224160.32075226,1825808.1588264976,10522691.440630825,4869744.657218827,179175.80849821932,6328379.778963481,2021
神奈川県,神奈川県第５区,31295.213366137974,15885.806911999789,467.22764306530445,426.3442464690055,384.3201495286525,64512094.52104662,0.1461658695752281,7065958.892349631,183559.11033037404,2556002.2718323413,604949.8980817102,33825.93623665705,2017868.2835775553,2021
神奈川県,神奈川県第６区,27322.29768048584,13886.997502647835,488.2871573986971,339.469073784134,301.1942230606119,56322308.13939307,0.11809772812493832,6168938.041615825,160256.3496128206,2231518.7350205155,528151.7337425264,29531.74622477831,1761700.6562278864,2021
神奈川県,神奈川県第７区,43484.50489164161,21795.100973778215,797.148370841584,451.314296059715,424.97656255139435,89639155.25835213,0.1456442132477255,9818106.060621303,255054.24544263328,3551549.305390044,840574.1317231525,47000.928625679786,2803815.4660054035,2021
神奈川県,神奈川県第８区,45829.99624862675,23325.445333177646,727.5641313238297,576.4705977966507,527.4894146914806,94474161.76077928,0.1832970585462017,10347680.513970476,268811.50287809846,3743114.7427902534,885913.4857246487,49536.090797504265,2955049.2206148747,2021
神奈川県,神奈川県第９区,31256.105686430587,15495.859166441904,635.4117081439282,340.8573365304704,309.267137465929,64431477.773039035,0.16147480006929324,7057129.003447623,183329.7279385626,2552808.1949296314,604193.9298581864,33783.66607014088,2015346.6792158084,2021
福井県,福井県第１区,452746,233680,7431,208380,63233,667175687,3.41,70908188,34261009,25301708,17142409,290859,22146537,2021
福井県,福井県第２区,319101,162590,7225,210673,44498,443706865,6.72,56857875,33136686,24047638,19151697,202510,28168675,2021
福岡県,福岡県第10区,90406.73556364176,47505.37810676625,1342.4570696569137,5339.138740956058,2705.284986526914,121409403.5427735,0.3708181027349303,16459595.657177217,5952598.4513465855,10216929.042961435,2384156.6874936996,82306.8437317729,6594146.752255547,2021
福岡県,福岡県第11区,312052,163130,3924,93289,40605,334360086,5.97,35599363,46731029,27398035,11539901,179349,24122325,2021
福岡県,福岡県第１区,92108.20496172013,47492.221249866176,3387.4126452244427,1847.6653302681952,1638.422293493852,152851780.58746853,0.30802026608715427,20371755.577285398,2126409.762616304,9771977.861321751,2164232.122994542,72183.20504573273,4982249.343585033,2021
福岡県,福岡県第２区,129565.62925216436,69375.09432481731,2812.6873007122654,1503.9052276476882,1289.7462961990113,215011650.07351667,0.5573705689546367,28656288.888044555,2991151.7552190684,13745924.819255395,3044355.2447914165,101537.77708593082,7008368.815362941,2021
福岡県,福岡県第３区,179912.22075777716,94334.00731151162,2096.4986976266014,24357.547763555223,13185.146407783517,248684412.1573299,0.9556630068101128,27121786.396717057,9760917.802904945,14713729.882042143,5076991.535378344,140054.48182285248,9324826.653797884,2021
福岡県,福岡県第４区,449531,232889,4396,37941,21892,589519666,7.0200000000000005,52598849,25491720,23418583,11545229,490179,17132059,2021
福岡県,福岡県第５区,4206747.052320366,2126283.978912656,143102.03947085803,271229.63392169,107047.96396578518,8313315563.36446,6.662690184087837,902043845.2717252,136166853.4710789,438883801.1569443,121585209.36424302,4368008.329798069,262996703.25758243,2021
福岡県,福岡県第６区,453987,237916,5888,46783,37097,581613975,3.2399999999999998,58826432,35506580,33118520,15309638,327676,19876728,2021
福岡県,福岡県第７区,349715,185023,2416,82597,45736,378299714,3.1,40141187,43761700,27490748,15542836,196170,22961944,2021
福岡県,福岡県第８区,421249,222370,4076,73020,38447,457403646,5.69,45341121,55503995,36874522,13850299,279607,21582003,2021
福岡県,福岡県第９区,82471.0101217882,43366.58896161762,1067.5846428040993,3195.4172901063,2320.241528930004,110752324.87968633,0.3491818972650697,15014804.722022455,5430091.066460026,9320107.10554322,2174880.1024654717,75082.1108645951,6015325.519269504,2021
福島県,福島県第１区,480868,245277,3355,211466,85315,662292703,4.79,67302970,48808492,38553001,51172588,276953,57107415,2021
福島県,福島県第２区,415173,210875,3345,126908,61981,580776865,2.2800000000000002,63262206,24735042,25224199,29044771,307777,18672193,2021
福島県,福島県第３区,319279,161160,2631,269006,99507,380146132,7.82,40203262,57694142,23048959,24468865,200956,32923542,2021
福島県,福島県第４区,287406,148503,1863,561237,117684,325863845,5.8,36255829,56568299,16577500,14357143,154913,25303360,2021
福島県,福島県第５区,384280,194836,2853,209773,57224,533869419,7.07,63262311,42396167,63458198,26698058,207223,67024089,2021
秋田県,秋田県第１区,308313,162996,1341,90607,29066,412347262,0.6699999999999999,43736251,19832757,21961083,9851959,240346,12838494,2021
秋田県,秋田県第２区,306299,162201,1140,521191,134947,302710785,4.22,31898587,72318610,18659592,13435575,125512,20944195,2021
秋田県,秋田県第３区,381680,200256,1450,549757,156425,379773177,2.53,36804446,95395067,24723108,18796893,174868,31222810,2021
群馬県,群馬県第１区,886400,453684,14747,352356,106272,1211917078,6.33,127302737,71750380,47580245,27157357,620462,46111338,2021
群馬県,群馬県第２区,983831,493266,41214,148204,73662,1410723973,6.11,159309625,38473364,49634678,28270220,874489,37747974,2021
群馬県,群馬県第３区,597624,294805,33742,54442,52408,900687568,7.13,115750429,9199232,29088329,16658140,569763,23031708,2021
群馬県,群馬県第４区,805427,408752,11638,139506,58931,1212934409,3.48,134677376,33162000,50800785,23880085,686206,63887015,2021
群馬県,群馬県第５区,1109913,563162,15076,349077,130210,1596547880,9.290000000000001,179893367,70275320,64498719,36419332,867629,88366750,2021
茨城県,茨城県第１区,1020418,516869,16093,232126,142754,1458973910,6.72,146547461,77729673,77936671,30323088,717370,103382638,2021
茨城県,茨城県第２区,1105609,556164,20093,210488,154665,1605705181,9.18,167870613,72377948,91467582,33122190,798400,118391482,2021
茨城県,茨城県第３区,458855,230266,8526,65614,53169,694838838,6.26,66127132,22221207,20137823,10942824,336525,18780443,2021
茨城県,茨城県第４区,365134,183085,2728,159243,63347,494544192,3.22,48561365,34863549,17312203,9289129,254577,18720256,2021
茨城県,茨城県第５区,288445,143860,2704,64416,23437,419881936,3.58,48913075,13200353,18562101,7017146,189337,25538236,2021
茨城県,茨城県第６区,629010,312221,19278,114738,86871,1002348290,5.16,105243834,29891001,38409350,15781915,518804,41949297,2021
茨城県,茨城県第７区,437907,217556,19636,72646,68522,600854636,6.359999999999999,65273462,27454295,22321880,11666355,320786,19163669,2021
長崎県,長崎県第１区,835980,449422,7618,81172,37504,1064831068,1.18,109476756,68190206,106911016,23364030,430384,38827454,2021
長崎県,長崎県第２区,1178144,629376,10339,167057,87320,1442544696,4.07,147118467,118268780,132468764,39152617,604624,63793837,2021
長崎県,長崎県第３区,749889,394212,4748,265274,90255,879523874,3.75,86406410,110071074,67428487,32822340,420936,61620560,2021
長崎県,長崎県第４区,596611,314158,4569,149162,70423,709476489,2.5300000000000002,72080141,76436816,50406780,21532939,338719,37347175,2021
長野県,長野県第１区,903885,465167,9791,294642,92772,1277027026,4.69,136589591,66851454,45302897,21772592,572122,42127178,2021
長野県,長野県第２区,1182691,606953,15087,464043,141298,1699623260,6.62,178998442,93824142,57913051,29093881,774664,57719967,2021
長野県,長野県第３区,475006,241804,9368,264997,75979,623015888,8.59,71381133,61306889,20678858,12208319,313220,32116140,2021
長野県,長野県第４区,288048,146090,5126,255190,44803,406849251,5.81,43210193,35502259,10868710,6532279,181731,16444212,2021
長野県,長野県第５区,339461,173583,7503,327731,60644,446744107,7.37,44695931,55128441,15475546,9963801,219367,25034069,2021
青森県,青森県第１区,407729,214338,1530,335493,78396,489767844,5.4,56242229,54291575,38560047,16878929,235737,21217259,2021
青森県,青森県第２区,466128,241326,2743,294000,118277,545743743,4.62,55705598,64268060,38733928,20028232,258453,38315721,2021
青森県,青森県第３区,413172,221112,1407,335073,126299,396976496,3.71,39484080,79339645,35278883,15986867,183272,28556946,2021
静岡県,静岡県第１区,152723.76776640766,78300.3089565191,2279.852774573068,41124.50441913085,6257.450653159234,244376387.068776,0.5948802770024706,30855754.704426393,3596806.0755170137,11212103.130902898,3435907.131528813,177109.26522492318,8240486.9971956145,2021
静岡県,静岡県第２区,519778,262917,12408,134049,52057,763734554,6.640000000000001,88722196,18281568,25550415,15643507,502150,30835626,2021
静岡県,静岡県第３区,488449.3981144067,242325.6963472075,22038.71934949849,96553.90285017247,59090.720518064074,750963938.6920223,6.054192177785978,90880889.17730065,17128996.202628776,25125677.83534193,13647635.89959428,470361.25082019746,33305256.09702817,2021
静岡県,静岡県第４区,707576.6333355955,357881.6070662776,14150.549185121225,96882.75877653391,44047.63563721109,1111825351.8621063,3.2351197229975295,131048260.47845003,6007500.457874125,35940312.56116572,16028995.922393266,720011.3555012562,40107165.12378769,2021
静岡県,静岡県第５区,896716,452177,16972,127508,57772,1413779701,8.21,162018230,11189891,46119571,19783482,851433,55514978,2021
静岡県,静岡県第６区,562443,289902,8911,154504,46532,802707955,9.38,98173662,29449728,29235736,14269608,387399,30685872,2021
静岡県,静岡県第７区,255363.91042406627,127588.18108410084,10542.570236942049,25224.960311053706,12556.454045389548,420362469.00106007,2.1673358754760113,50130727.72016367,6217035.280220272,15357816.590177303,5712605.485639187,283732.628545572,12664143.946370326,2021
静岡県,静岡県第８区,179354.75402591343,89983.13333179575,7185.046934821717,4535.1145719616015,4398.920405564012,295682585.6305774,0.8811940895182743,34320862.238025084,5233218.061460033,11961241.543210348,3998680.0037386282,212856.6273722364,9708184.94636536,2021
香川県,香川県第１区,879289,455152,9120,93501,52496,1295704330,2.83,132819584,38705619,49538410,20734572,591515,33358994,2021
香川県,香川県第２区,1271326,657125,15480,157206,92646,1806400245,6.65,183860794,67877203,68818582,31658726,871235,56918786,2021
香川県,香川県第３区,429014,220599,7193,83144,49997,550473959,4.34,54471984,41926880,20127879,12401343,291042,25883271,2021
高知県,高知県第１区,822210,436660,4678,329282,67325,1071138429,5.01,108293986,92372988,80328911,30249755,444524,66603772,2021
高知県,高知県第２区,876032,464883,5061,473780,89819,1106870305,5.59,112243697,111164198,83400145,34561063,438249,74343005,2021
鳥取県,鳥取県第１区,279143,145042,2098,202380,42158,324281688,2.06,33339719,45755248,18304099,12169776,138644,17493200,2021
鳥取県,鳥取県第２区,282302,147275,2509,148333,47925,339114957,4.29,33727860,42434856,18553682,13178664,154877,20316412,2021
鹿児島県,鹿児島県第１区,1204335,643635,5989,122769,53546,1569724543,1.5899999999999999,174968196,62558506,106752548,35076398,1055406,65664751,2021
鹿児島県,鹿児島県第２区,1443741,769237,7824,320048,132659,1785315743,4.8500000000000005,197407873,132721175,129251139,48704286,1136341,99248918,2021
鹿児島県,鹿児島県第３区,388768,204613,2670,270067,95143,388371402,3.81,44115958,66973387,30462116,18562557,251495,36977055,2021
鹿児島県,鹿児島県第４区,401177,208747,2826,370083,125649,405484357,4.38,45073010,75628133,32778435,22202412,212559,37531828,2021
